subject_id_NfN,catalogNumber,measurementType,measurementValue,measurementUnit,Filename_NfN,measurementDeterminedBy,measurementDeterminedDate,measurementMethod,measurementRemarks
78051835,UCSB-IZC00000646,body size;intertegular distance;ITD,2,mm,UCSB-IZC00000646.jpg,Notes from Nature participants,2022-07-22,Crowd source measurements via Notes from Nature,
78051836,UCSB-IZC00003496,body size;intertegular distance;ITD,1.8,mm,UCSB-IZC00003496.jpg,Notes from Nature participants,2022-07-22,Crowd source measurements via Notes from Nature,
78051837,UCSB-IZC00003658,body size;intertegular distance;ITD,3.2,mm,UCSB-IZC00003658.jpg,Notes from Nature participants,2022-07-22,Crowd source measurements via Notes from Nature,
78051838,UCSB-IZC00003718,body size;intertegular distance;ITD,0.9,mm,UCSB-IZC00003718.jpg,Notes from Nature participants,2022-07-22,Crowd source measurements via Notes from Nature,
78051839,UCSB-IZC00004438,body size;intertegular distance;ITD,3.1,mm,UCSB-IZC00004438.jpg,Notes from Nature participants,2022-07-22,Crowd source measurements via Notes from Nature,
78051840,UCSB-IZC00005582,body size;intertegular distance;ITD,3.1,mm,UCSB-IZC00005582.jpg,Notes from Nature participants,2022-07-22,Crowd source measurements via Notes from Nature,
78051841,UCSB-IZC00005586,body size;intertegular distance;ITD,0.8,mm,UCSB-IZC00005586.jpg,Notes from Nature participants,2022-07-22,Crowd source measurements via Notes from Nature,
78051842,UCSB-IZC00005587,body size;intertegular distance;ITD,4.8,mm,UCSB-IZC00005587.jpg,Notes from Nature participants,2022-07-22,Crowd source measurements via Notes from Nature,
78051843,UCSB-IZC00005588,body size;intertegular distance;ITD,1.7,mm,UCSB-IZC00005588.jpg,Notes from Nature participants,2022-07-22,Crowd source measurements via Notes from Nature,
78051844,UCSB-IZC00005593,body size;intertegular distance;ITD,1.6,mm,UCSB-IZC00005593.jpg,Notes from Nature participants,2022-07-22,Crowd source measurements via Notes from Nature,
78051845,UCSB-IZC00005594,body size;intertegular distance;ITD,0.2,mm,UCSB-IZC00005594.jpg,Notes from Nature participants,2022-07-22,Crowd source measurements via Notes from Nature,
78051846,UCSB-IZC00005600,body size;intertegular distance;ITD,1.6,mm,UCSB-IZC00005600.jpg,Notes from Nature participants,2022-07-22,Crowd source measurements via Notes from Nature,
78051847,UCSB-IZC00005601,body size;intertegular distance;ITD,1.9,mm,UCSB-IZC00005601.jpg,Notes from Nature participants,2022-07-22,Crowd source measurements via Notes from Nature,
78051848,UCSB-IZC00005603,body size;intertegular distance;ITD,1.3,mm,UCSB-IZC00005603.jpg,Notes from Nature participants,2022-07-22,Crowd source measurements via Notes from Nature,
78051849,UCSB-IZC00005612,body size;intertegular distance;ITD,0.8,mm,UCSB-IZC00005612.jpg,Notes from Nature participants,2022-07-22,Crowd source measurements via Notes from Nature,
78051850,UCSB-IZC00005618,body size;intertegular distance;ITD,2,mm,UCSB-IZC00005618.jpg,Notes from Nature participants,2022-07-22,Crowd source measurements via Notes from Nature,
78051851,UCSB-IZC00005621,body size;intertegular distance;ITD,0.7,mm,UCSB-IZC00005621.jpg,Notes from Nature participants,2022-07-22,Crowd source measurements via Notes from Nature,
78051852,UCSB-IZC00005622,body size;intertegular distance;ITD,6.7,mm,UCSB-IZC00005622.jpg,Notes from Nature participants,2022-07-22,Crowd source measurements via Notes from Nature,
78051853,UCSB-IZC00005623,body size;intertegular distance;ITD,13.2,mm,UCSB-IZC00005623.jpg,Notes from Nature participants,2022-07-22,Crowd source measurements via Notes from Nature,
78051854,UCSB-IZC00005624,body size;intertegular distance;ITD,1.5,mm,UCSB-IZC00005624.jpg,Notes from Nature participants,2022-07-22,Crowd source measurements via Notes from Nature,
78051855,UCSB-IZC00005625,body size;intertegular distance;ITD,2,mm,UCSB-IZC00005625.jpg,Notes from Nature participants,2022-07-22,Crowd source measurements via Notes from Nature,
78051856,UCSB-IZC00005627,body size;intertegular distance;ITD,1.6,mm,UCSB-IZC00005627.jpg,Notes from Nature participants,2022-07-22,Crowd source measurements via Notes from Nature,
78051857,UCSB-IZC00005632,body size;intertegular distance;ITD,1.9,mm,UCSB-IZC00005632.jpg,Notes from Nature participants,2022-07-22,Crowd source measurements via Notes from Nature,
78051858,UCSB-IZC00005637,body size;intertegular distance;ITD,1.5,mm,UCSB-IZC00005637.jpg,Notes from Nature participants,2022-07-22,Crowd source measurements via Notes from Nature,
78051859,UCSB-IZC00005639,body size;intertegular distance;ITD,1.3,mm,UCSB-IZC00005639.jpg,Notes from Nature participants,2022-07-22,Crowd source measurements via Notes from Nature,
78051860,UCSB-IZC00005904,body size;intertegular distance;ITD,0.5,mm,UCSB-IZC00005904.jpg,Notes from Nature participants,2022-07-22,Crowd source measurements via Notes from Nature,
78051861,UCSB-IZC00005909,body size;intertegular distance;ITD,0.3,mm,UCSB-IZC00005909.jpg,Notes from Nature participants,2022-07-22,Crowd source measurements via Notes from Nature,
78051862,UCSB-IZC00005919,body size;intertegular distance;ITD,1.2,mm,UCSB-IZC00005919.jpg,Notes from Nature participants,2022-07-22,Crowd source measurements via Notes from Nature,
78051863,UCSB-IZC00005933,body size;intertegular distance;ITD,1.4,mm,UCSB-IZC00005933.jpg,Notes from Nature participants,2022-07-22,Crowd source measurements via Notes from Nature,
78051864,UCSB-IZC00005937,body size;intertegular distance;ITD,3.8,mm,UCSB-IZC00005937.jpg,Notes from Nature participants,2022-07-22,Crowd source measurements via Notes from Nature,
78051865,UCSB-IZC00005939,body size;intertegular distance;ITD,1.8,mm,UCSB-IZC00005939.jpg,Notes from Nature participants,2022-07-22,Crowd source measurements via Notes from Nature,
78051866,UCSB-IZC00007085,body size;intertegular distance;ITD,0.4,mm,UCSB-IZC00007085.jpg,Notes from Nature participants,2022-07-22,Crowd source measurements via Notes from Nature,
78051867,UCSB-IZC00008208,body size;intertegular distance;ITD,1.3,mm,UCSB-IZC00008208.jpg,Notes from Nature participants,2022-07-22,Crowd source measurements via Notes from Nature,
78051868,UCSB-IZC00010839,body size;intertegular distance;ITD,0.9,mm,UCSB-IZC00010839.jpg,Notes from Nature participants,2022-07-22,Crowd source measurements via Notes from Nature,
78051869,UCSB-IZC00010867,body size;intertegular distance;ITD,2.9,mm,UCSB-IZC00010867.jpg,Notes from Nature participants,2022-07-22,Crowd source measurements via Notes from Nature,
78052309,UCSB-IZC00010886,body size;intertegular distance;ITD,1.4,mm,UCSB-IZC00010886.jpg,Notes from Nature participants,2022-07-22,Crowd source measurements via Notes from Nature,
78052320,UCSB-IZC00010886,body size;intertegular distance;ITD,1.8,mm,UCSB-IZC00010886.jpg,Notes from Nature participants,2022-07-22,Crowd source measurements via Notes from Nature,
78051870,UCSB-IZC00010892,body size;intertegular distance;ITD,2.9,mm,UCSB-IZC00010892.jpg,Notes from Nature participants,2022-07-22,Crowd source measurements via Notes from Nature,
78051871,UCSB-IZC00012302,body size;intertegular distance;ITD,0.2,mm,UCSB-IZC00012302.jpg,Notes from Nature participants,2022-07-22,Crowd source measurements via Notes from Nature,
78051872,UCSB-IZC00012317,body size;intertegular distance;ITD,0.2,mm,UCSB-IZC00012317.jpg,Notes from Nature participants,2022-07-22,Crowd source measurements via Notes from Nature,
78051873,UCSB-IZC00012323,body size;intertegular distance;ITD,2.8,mm,UCSB-IZC00012323.jpg,Notes from Nature participants,2022-07-22,Crowd source measurements via Notes from Nature,
78051874,UCSB-IZC00012329,body size;intertegular distance;ITD,2,mm,UCSB-IZC00012329.jpg,Notes from Nature participants,2022-07-22,Crowd source measurements via Notes from Nature,
78051875,UCSB-IZC00012340,body size;intertegular distance;ITD,1.7,mm,UCSB-IZC00012340.jpg,Notes from Nature participants,2022-07-22,Crowd source measurements via Notes from Nature,
78051876,UCSB-IZC00012426,body size;intertegular distance;ITD,1.7,mm,UCSB-IZC00012426.jpg,Notes from Nature participants,2022-07-22,Crowd source measurements via Notes from Nature,
78051877,UCSB-IZC00012433,body size;intertegular distance;ITD,1.2,mm,UCSB-IZC00012433.jpg,Notes from Nature participants,2022-07-22,Crowd source measurements via Notes from Nature,
78051878,UCSB-IZC00012435,body size;intertegular distance;ITD,1.7,mm,UCSB-IZC00012435.jpg,Notes from Nature participants,2022-07-22,Crowd source measurements via Notes from Nature,
78051879,UCSB-IZC00012444,body size;intertegular distance;ITD,0.8,mm,UCSB-IZC00012444.jpg,Notes from Nature participants,2022-07-22,Crowd source measurements via Notes from Nature,
78051880,UCSB-IZC00012445,body size;intertegular distance;ITD,1.8,mm,UCSB-IZC00012445.jpg,Notes from Nature participants,2022-07-22,Crowd source measurements via Notes from Nature,
78051881,UCSB-IZC00012452,body size;intertegular distance;ITD,1.7,mm,UCSB-IZC00012452.jpg,Notes from Nature participants,2022-07-22,Crowd source measurements via Notes from Nature,
78051882,UCSB-IZC00012454,body size;intertegular distance;ITD,1.1,mm,UCSB-IZC00012454.jpg,Notes from Nature participants,2022-07-22,Crowd source measurements via Notes from Nature,
78051883,UCSB-IZC00012459,body size;intertegular distance;ITD,1.9,mm,UCSB-IZC00012459.jpg,Notes from Nature participants,2022-07-22,Crowd source measurements via Notes from Nature,
78051884,UCSB-IZC00012461,body size;intertegular distance;ITD,1.8,mm,UCSB-IZC00012461.jpg,Notes from Nature participants,2022-07-22,Crowd source measurements via Notes from Nature,
78051885,UCSB-IZC00012462,body size;intertegular distance;ITD,1.1,mm,UCSB-IZC00012462.jpg,Notes from Nature participants,2022-07-22,Crowd source measurements via Notes from Nature,
78051886,UCSB-IZC00014705,body size;intertegular distance;ITD,2.1,mm,UCSB-IZC00014705.jpg,Notes from Nature participants,2022-07-22,Crowd source measurements via Notes from Nature,
78051887,UCSB-IZC00014856,body size;intertegular distance;ITD,0.5,mm,UCSB-IZC00014856.jpg,Notes from Nature participants,2022-07-22,Crowd source measurements via Notes from Nature,
78051888,UCSB-IZC00015098,body size;intertegular distance;ITD,2.8,mm,UCSB-IZC00015098.jpg,Notes from Nature participants,2022-07-22,Crowd source measurements via Notes from Nature,
78051889,UCSB-IZC00021417,body size;intertegular distance;ITD,1.3,mm,UCSB-IZC00021417.jpg,Notes from Nature participants,2022-07-22,Crowd source measurements via Notes from Nature,
78051890,UCSB-IZC00022213,body size;intertegular distance;ITD,2.6,mm,UCSB-IZC00022213.jpg,Notes from Nature participants,2022-07-22,Crowd source measurements via Notes from Nature,
78051891,UCSB-IZC00022224,body size;intertegular distance;ITD,2,mm,UCSB-IZC00022224.jpg,Notes from Nature participants,2022-07-22,Crowd source measurements via Notes from Nature,
78051892,UCSB-IZC00023325,body size;intertegular distance;ITD,0.6,mm,UCSB-IZC00023325.jpg,Notes from Nature participants,2022-07-22,Crowd source measurements via Notes from Nature,
78051893,UCSB-IZC00027132,body size;intertegular distance;ITD,1.4,mm,UCSB-IZC00027132.jpg,Notes from Nature participants,2022-07-22,Crowd source measurements via Notes from Nature,
78051894,UCSB-IZC00028334,body size;intertegular distance;ITD,1,mm,UCSB-IZC00028334.jpg,Notes from Nature participants,2022-07-22,Crowd source measurements via Notes from Nature,
78051895,UCSB-IZC00028349,body size;intertegular distance;ITD,2.1,mm,UCSB-IZC00028349.jpg,Notes from Nature participants,2022-07-22,Crowd source measurements via Notes from Nature,
78051896,UCSB-IZC00028367,body size;intertegular distance;ITD,2.4,mm,UCSB-IZC00028367.jpg,Notes from Nature participants,2022-07-22,Crowd source measurements via Notes from Nature,
78051897,UCSB-IZC00028379,body size;intertegular distance;ITD,2.5,mm,UCSB-IZC00028379.jpg,Notes from Nature participants,2022-07-22,Crowd source measurements via Notes from Nature,
78051898,UCSB-IZC00028611,body size;intertegular distance;ITD,1.6,mm,UCSB-IZC00028611.jpg,Notes from Nature participants,2022-07-22,Crowd source measurements via Notes from Nature,
78051899,UCSB-IZC00030039,body size;intertegular distance;ITD,0.5,mm,UCSB-IZC00030039.jpg,Notes from Nature participants,2022-07-22,Crowd source measurements via Notes from Nature,
78051900,UCSB-IZC00030075,body size;intertegular distance;ITD,0.6,mm,UCSB-IZC00030075.jpg,Notes from Nature participants,2022-07-22,Crowd source measurements via Notes from Nature,
78052310,UCSB-IZC00030159,body size;intertegular distance;ITD,1.3,mm,UCSB-IZC00030159.jpg,Notes from Nature participants,2022-07-22,Crowd source measurements via Notes from Nature,
78052321,UCSB-IZC00030159,body size;intertegular distance;ITD,1.6,mm,UCSB-IZC00030159.jpg,Notes from Nature participants,2022-07-22,Crowd source measurements via Notes from Nature,
78052311,UCSB-IZC00030313,body size;intertegular distance;ITD,2.3,mm,UCSB-IZC00030313.jpg,Notes from Nature participants,2022-07-22,Crowd source measurements via Notes from Nature,
78052322,UCSB-IZC00030313,body size;intertegular distance;ITD,2.3,mm,UCSB-IZC00030313.jpg,Notes from Nature participants,2022-07-22,Crowd source measurements via Notes from Nature,
78051901,UCSB-IZC00030335,body size;intertegular distance;ITD,1.7,mm,UCSB-IZC00030335.jpg,Notes from Nature participants,2022-07-22,Crowd source measurements via Notes from Nature,
78051902,UCSB-IZC00030367,body size;intertegular distance;ITD,2.1,mm,UCSB-IZC00030367.jpg,Notes from Nature participants,2022-07-22,Crowd source measurements via Notes from Nature,
78051903,UCSB-IZC00030369,body size;intertegular distance;ITD,1.8,mm,UCSB-IZC00030369.jpg,Notes from Nature participants,2022-07-22,Crowd source measurements via Notes from Nature,
78051904,UCSB-IZC00030423,body size;intertegular distance;ITD,1.2,mm,UCSB-IZC00030423.jpg,Notes from Nature participants,2022-07-22,Crowd source measurements via Notes from Nature,
78052312,UCSB-IZC00030474,body size;intertegular distance;ITD,2.3,mm,UCSB-IZC00030474.jpg,Notes from Nature participants,2022-07-22,Crowd source measurements via Notes from Nature,
78052323,UCSB-IZC00030474,body size;intertegular distance;ITD,2.4,mm,UCSB-IZC00030474.jpg,Notes from Nature participants,2022-07-22,Crowd source measurements via Notes from Nature,
78052313,UCSB-IZC00030667,body size;intertegular distance;ITD,1.6,mm,UCSB-IZC00030667.jpg,Notes from Nature participants,2022-07-22,Crowd source measurements via Notes from Nature,
78052324,UCSB-IZC00030667,body size;intertegular distance;ITD,1.9,mm,UCSB-IZC00030667.jpg,Notes from Nature participants,2022-07-22,Crowd source measurements via Notes from Nature,
78051905,UCSB-IZC00030694,body size;intertegular distance;ITD,2,mm,UCSB-IZC00030694.jpg,Notes from Nature participants,2022-07-22,Crowd source measurements via Notes from Nature,
78051906,UCSB-IZC00030695,body size;intertegular distance;ITD,0.7,mm,UCSB-IZC00030695.jpg,Notes from Nature participants,2022-07-22,Crowd source measurements via Notes from Nature,
78051907,UCSB-IZC00030755,body size;intertegular distance;ITD,1,mm,UCSB-IZC00030755.jpg,Notes from Nature participants,2022-07-22,Crowd source measurements via Notes from Nature,
78051908,UCSB-IZC00030767,body size;intertegular distance;ITD,1,mm,UCSB-IZC00030767.jpg,Notes from Nature participants,2022-07-22,Crowd source measurements via Notes from Nature,
78051909,UCSB-IZC00030779,body size;intertegular distance;ITD,1,mm,UCSB-IZC00030779.jpg,Notes from Nature participants,2022-07-22,Crowd source measurements via Notes from Nature,
78052314,UCSB-IZC00030786,body size;intertegular distance;ITD,1.2,mm,UCSB-IZC00030786.jpg,Notes from Nature participants,2022-07-22,Crowd source measurements via Notes from Nature,
78052325,UCSB-IZC00030786,body size;intertegular distance;ITD,0.4,mm,UCSB-IZC00030786.jpg,Notes from Nature participants,2022-07-22,Crowd source measurements via Notes from Nature,
78051910,UCSB-IZC00030795,body size;intertegular distance;ITD,2.5,mm,UCSB-IZC00030795.jpg,Notes from Nature participants,2022-07-22,Crowd source measurements via Notes from Nature,
78052315,UCSB-IZC00030796,body size;intertegular distance;ITD,1.7,mm,UCSB-IZC00030796.jpg,Notes from Nature participants,2022-07-22,Crowd source measurements via Notes from Nature,
78052326,UCSB-IZC00030796,body size;intertegular distance;ITD,2.2,mm,UCSB-IZC00030796.jpg,Notes from Nature participants,2022-07-22,Crowd source measurements via Notes from Nature,
78052316,UCSB-IZC00030809,body size;intertegular distance;ITD,1.8,mm,UCSB-IZC00030809.jpg,Notes from Nature participants,2022-07-22,Crowd source measurements via Notes from Nature,
78052327,UCSB-IZC00030809,body size;intertegular distance;ITD,0.8,mm,UCSB-IZC00030809.jpg,Notes from Nature participants,2022-07-22,Crowd source measurements via Notes from Nature,
78051911,UCSB-IZC00030820,body size;intertegular distance;ITD,2.3,mm,UCSB-IZC00030820.jpg,Notes from Nature participants,2022-07-22,Crowd source measurements via Notes from Nature,
78051912,UCSB-IZC00030855,body size;intertegular distance;ITD,0.6,mm,UCSB-IZC00030855.jpg,Notes from Nature participants,2022-07-22,Crowd source measurements via Notes from Nature,
78051913,UCSB-IZC00030859,body size;intertegular distance;ITD,0.2,mm,UCSB-IZC00030859.jpg,Notes from Nature participants,2022-07-22,Crowd source measurements via Notes from Nature,
78051914,UCSB-IZC00030870,body size;intertegular distance;ITD,1.6,mm,UCSB-IZC00030870.jpg,Notes from Nature participants,2022-07-22,Crowd source measurements via Notes from Nature,
78051915,UCSB-IZC00030875,body size;intertegular distance;ITD,0.4,mm,UCSB-IZC00030875.jpg,Notes from Nature participants,2022-07-22,Crowd source measurements via Notes from Nature,
78052317,UCSB-IZC00030895,body size;intertegular distance;ITD,0.8,mm,UCSB-IZC00030895.jpg,Notes from Nature participants,2022-07-22,Crowd source measurements via Notes from Nature,
78052328,UCSB-IZC00030895,body size;intertegular distance;ITD,1.8,mm,UCSB-IZC00030895.jpg,Notes from Nature participants,2022-07-22,Crowd source measurements via Notes from Nature,
78051916,UCSB-IZC00031097,body size;intertegular distance;ITD,2.6,mm,UCSB-IZC00031097.jpg,Notes from Nature participants,2022-07-22,Crowd source measurements via Notes from Nature,
78051917,UCSB-IZC00031172,body size;intertegular distance;ITD,1.8,mm,UCSB-IZC00031172.jpg,Notes from Nature participants,2022-07-22,Crowd source measurements via Notes from Nature,
78051918,UCSB-IZC00031232,body size;intertegular distance;ITD,2.5,mm,UCSB-IZC00031232.jpg,Notes from Nature participants,2022-07-22,Crowd source measurements via Notes from Nature,
78051919,UCSB-IZC00031244,body size;intertegular distance;ITD,3.7,mm,UCSB-IZC00031244.jpg,Notes from Nature participants,2022-07-22,Crowd source measurements via Notes from Nature,
78051920,UCSB-IZC00031260,body size;intertegular distance;ITD,0.5,mm,UCSB-IZC00031260.jpg,Notes from Nature participants,2022-07-22,Crowd source measurements via Notes from Nature,
78051921,UCSB-IZC00033736,body size;intertegular distance;ITD,2.5,mm,UCSB-IZC00033736.jpg,Notes from Nature participants,2022-07-22,Crowd source measurements via Notes from Nature,
78051922,UCSB-IZC00034068,body size;intertegular distance;ITD,1.4,mm,UCSB-IZC00034068.jpg,Notes from Nature participants,2022-07-22,Crowd source measurements via Notes from Nature,
78051923,UCSB-IZC00034388,body size;intertegular distance;ITD,2.3,mm,UCSB-IZC00034388.jpg,Notes from Nature participants,2022-07-22,Crowd source measurements via Notes from Nature,
78051924,UCSB-IZC00034389,body size;intertegular distance;ITD,2.9,mm,UCSB-IZC00034389.jpg,Notes from Nature participants,2022-07-22,Crowd source measurements via Notes from Nature,
78051925,UCSB-IZC00034393,body size;intertegular distance;ITD,1.7,mm,UCSB-IZC00034393.jpg,Notes from Nature participants,2022-07-22,Crowd source measurements via Notes from Nature,
78051926,UCSB-IZC00034397,body size;intertegular distance;ITD,0.3,mm,UCSB-IZC00034397.jpg,Notes from Nature participants,2022-07-22,Crowd source measurements via Notes from Nature,
78051927,UCSB-IZC00034400,body size;intertegular distance;ITD,0.5,mm,UCSB-IZC00034400.jpg,Notes from Nature participants,2022-07-22,Crowd source measurements via Notes from Nature,
78051928,UCSB-IZC00034403,body size;intertegular distance;ITD,1.9,mm,UCSB-IZC00034403.jpg,Notes from Nature participants,2022-07-22,Crowd source measurements via Notes from Nature,
78051929,UCSB-IZC00034405,body size;intertegular distance;ITD,2.2,mm,UCSB-IZC00034405.jpg,Notes from Nature participants,2022-07-22,Crowd source measurements via Notes from Nature,
78051930,UCSB-IZC00034406,body size;intertegular distance;ITD,1,mm,UCSB-IZC00034406.jpg,Notes from Nature participants,2022-07-22,Crowd source measurements via Notes from Nature,
78051931,UCSB-IZC00034407,body size;intertegular distance;ITD,2.3,mm,UCSB-IZC00034407.jpg,Notes from Nature participants,2022-07-22,Crowd source measurements via Notes from Nature,
78051932,UCSB-IZC00034408,body size;intertegular distance;ITD,0.3,mm,UCSB-IZC00034408.jpg,Notes from Nature participants,2022-07-22,Crowd source measurements via Notes from Nature,
78051933,UCSB-IZC00034410,body size;intertegular distance;ITD,1.5,mm,UCSB-IZC00034410.jpg,Notes from Nature participants,2022-07-22,Crowd source measurements via Notes from Nature,
78051934,UCSB-IZC00034411,body size;intertegular distance;ITD,1.2,mm,UCSB-IZC00034411.jpg,Notes from Nature participants,2022-07-22,Crowd source measurements via Notes from Nature,
78051935,UCSB-IZC00034412,body size;intertegular distance;ITD,1.1,mm,UCSB-IZC00034412.jpg,Notes from Nature participants,2022-07-22,Crowd source measurements via Notes from Nature,
78051936,UCSB-IZC00034413,body size;intertegular distance;ITD,0.2,mm,UCSB-IZC00034413.jpg,Notes from Nature participants,2022-07-22,Crowd source measurements via Notes from Nature,
78051937,UCSB-IZC00034415,body size;intertegular distance;ITD,1.3,mm,UCSB-IZC00034415.jpg,Notes from Nature participants,2022-07-22,Crowd source measurements via Notes from Nature,
78051938,UCSB-IZC00034418,body size;intertegular distance;ITD,0.1,mm,UCSB-IZC00034418.jpg,Notes from Nature participants,2022-07-22,Crowd source measurements via Notes from Nature,
78051939,UCSB-IZC00034421,body size;intertegular distance;ITD,1.5,mm,UCSB-IZC00034421.jpg,Notes from Nature participants,2022-07-22,Crowd source measurements via Notes from Nature,
78051940,UCSB-IZC00034424,body size;intertegular distance;ITD,3.5,mm,UCSB-IZC00034424.jpg,Notes from Nature participants,2022-07-22,Crowd source measurements via Notes from Nature,
78052318,UCSB-IZC00034425,body size;intertegular distance;ITD,2.4,mm,UCSB-IZC00034425.jpg,Notes from Nature participants,2022-07-22,Crowd source measurements via Notes from Nature,
78052329,UCSB-IZC00034425,body size;intertegular distance;ITD,2,mm,UCSB-IZC00034425.jpg,Notes from Nature participants,2022-07-22,Crowd source measurements via Notes from Nature,
78051941,UCSB-IZC00034434,body size;intertegular distance;ITD,0.3,mm,UCSB-IZC00034434.jpg,Notes from Nature participants,2022-07-22,Crowd source measurements via Notes from Nature,
78051942,UCSB-IZC00034444,body size;intertegular distance;ITD,0.6,mm,UCSB-IZC00034444.jpg,Notes from Nature participants,2022-07-22,Crowd source measurements via Notes from Nature,
78051943,UCSB-IZC00034445,body size;intertegular distance;ITD,1,mm,UCSB-IZC00034445.jpg,Notes from Nature participants,2022-07-22,Crowd source measurements via Notes from Nature,
78051944,UCSB-IZC00034465,body size;intertegular distance;ITD,2.1,mm,UCSB-IZC00034465.jpg,Notes from Nature participants,2022-07-22,Crowd source measurements via Notes from Nature,
78051945,UCSB-IZC00034491,body size;intertegular distance;ITD,1.7,mm,UCSB-IZC00034491.jpg,Notes from Nature participants,2022-07-22,Crowd source measurements via Notes from Nature,
78051946,UCSB-IZC00034503,body size;intertegular distance;ITD,0.3,mm,UCSB-IZC00034503.jpg,Notes from Nature participants,2022-07-22,Crowd source measurements via Notes from Nature,
78051947,UCSB-IZC00034510,body size;intertegular distance;ITD,2.6,mm,UCSB-IZC00034510.jpg,Notes from Nature participants,2022-07-22,Crowd source measurements via Notes from Nature,
78051948,UCSB-IZC00034521,body size;intertegular distance;ITD,1.2,mm,UCSB-IZC00034521.jpg,Notes from Nature participants,2022-07-22,Crowd source measurements via Notes from Nature,
78051949,UCSB-IZC00034524,body size;intertegular distance;ITD,1,mm,UCSB-IZC00034524.jpg,Notes from Nature participants,2022-07-22,Crowd source measurements via Notes from Nature,
78051950,UCSB-IZC00034526,body size;intertegular distance;ITD,0.4,mm,UCSB-IZC00034526.jpg,Notes from Nature participants,2022-07-22,Crowd source measurements via Notes from Nature,
78051951,UCSB-IZC00034540,body size;intertegular distance;ITD,0.5,mm,UCSB-IZC00034540.jpg,Notes from Nature participants,2022-07-22,Crowd source measurements via Notes from Nature,
78051952,UCSB-IZC00034542,body size;intertegular distance;ITD,1.9,mm,UCSB-IZC00034542.jpg,Notes from Nature participants,2022-07-22,Crowd source measurements via Notes from Nature,
78051953,UCSB-IZC00034545,body size;intertegular distance;ITD,1,mm,UCSB-IZC00034545.jpg,Notes from Nature participants,2022-07-22,Crowd source measurements via Notes from Nature,
78051954,UCSB-IZC00034556,body size;intertegular distance;ITD,1.1,mm,UCSB-IZC00034556.jpg,Notes from Nature participants,2022-07-22,Crowd source measurements via Notes from Nature,
78051955,UCSB-IZC00034557,body size;intertegular distance;ITD,8.8,mm,UCSB-IZC00034557.jpg,Notes from Nature participants,2022-07-22,Crowd source measurements via Notes from Nature,
78051956,UCSB-IZC00034564,body size;intertegular distance;ITD,1.2,mm,UCSB-IZC00034564.jpg,Notes from Nature participants,2022-07-22,Crowd source measurements via Notes from Nature,
78051957,UCSB-IZC00034582,body size;intertegular distance;ITD,1.7,mm,UCSB-IZC00034582.jpg,Notes from Nature participants,2022-07-22,Crowd source measurements via Notes from Nature,
78051958,UCSB-IZC00034588,body size;intertegular distance;ITD,0.8,mm,UCSB-IZC00034588.jpg,Notes from Nature participants,2022-07-22,Crowd source measurements via Notes from Nature,
78051959,UCSB-IZC00034594,body size;intertegular distance;ITD,2,mm,UCSB-IZC00034594.jpg,Notes from Nature participants,2022-07-22,Crowd source measurements via Notes from Nature,
78051960,UCSB-IZC00034607,body size;intertegular distance;ITD,1.5,mm,UCSB-IZC00034607.jpg,Notes from Nature participants,2022-07-22,Crowd source measurements via Notes from Nature,
78051961,UCSB-IZC00034612,body size;intertegular distance;ITD,2.4,mm,UCSB-IZC00034612.jpg,Notes from Nature participants,2022-07-22,Crowd source measurements via Notes from Nature,
78051962,UCSB-IZC00034615,body size;intertegular distance;ITD,1.4,mm,UCSB-IZC00034615.jpg,Notes from Nature participants,2022-07-22,Crowd source measurements via Notes from Nature,
78051963,UCSB-IZC00034993,body size;intertegular distance;ITD,1.6,mm,UCSB-IZC00034993.jpg,Notes from Nature participants,2022-07-22,Crowd source measurements via Notes from Nature,
78051964,UCSB-IZC00034994,body size;intertegular distance;ITD,0.3,mm,UCSB-IZC00034994.jpg,Notes from Nature participants,2022-07-22,Crowd source measurements via Notes from Nature,
78051965,UCSB-IZC00035077,body size;intertegular distance;ITD,1.5,mm,UCSB-IZC00035077.jpg,Notes from Nature participants,2022-07-22,Crowd source measurements via Notes from Nature,
78051966,UCSB-IZC00035100,body size;intertegular distance;ITD,1.8,mm,UCSB-IZC00035100.jpg,Notes from Nature participants,2022-07-22,Crowd source measurements via Notes from Nature,
78051967,UCSB-IZC00035351,body size;intertegular distance;ITD,1.7,mm,UCSB-IZC00035351.jpg,Notes from Nature participants,2022-07-22,Crowd source measurements via Notes from Nature,
78051968,UCSB-IZC00035355,body size;intertegular distance;ITD,1.3,mm,UCSB-IZC00035355.jpg,Notes from Nature participants,2022-07-22,Crowd source measurements via Notes from Nature,
78051969,UCSB-IZC00035615,body size;intertegular distance;ITD,1.2,mm,UCSB-IZC00035615.jpg,Notes from Nature participants,2022-07-22,Crowd source measurements via Notes from Nature,
78051970,UCSB-IZC00035851,body size;intertegular distance;ITD,2.2,mm,UCSB-IZC00035851.jpg,Notes from Nature participants,2022-07-22,Crowd source measurements via Notes from Nature,
78051971,UCSB-IZC00035872,body size;intertegular distance;ITD,3.1,mm,UCSB-IZC00035872.jpg,Notes from Nature participants,2022-07-22,Crowd source measurements via Notes from Nature,
78051972,UCSB-IZC00035943,body size;intertegular distance;ITD,1.2,mm,UCSB-IZC00035943.jpg,Notes from Nature participants,2022-07-22,Crowd source measurements via Notes from Nature,
78051973,UCSB-IZC00035949,body size;intertegular distance;ITD,3.2,mm,UCSB-IZC00035949.jpg,Notes from Nature participants,2022-07-22,Crowd source measurements via Notes from Nature,
78051974,UCSB-IZC00035955,body size;intertegular distance;ITD,4.3,mm,UCSB-IZC00035955.jpg,Notes from Nature participants,2022-07-22,Crowd source measurements via Notes from Nature,
78051975,UCSB-IZC00035984,body size;intertegular distance;ITD,1.9,mm,UCSB-IZC00035984.jpg,Notes from Nature participants,2022-07-22,Crowd source measurements via Notes from Nature,
78051976,UCSB-IZC00036003,body size;intertegular distance;ITD,1.9,mm,UCSB-IZC00036003.jpg,Notes from Nature participants,2022-07-22,Crowd source measurements via Notes from Nature,
78051977,UCSB-IZC00036007,body size;intertegular distance;ITD,2.1,mm,UCSB-IZC00036007.jpg,Notes from Nature participants,2022-07-22,Crowd source measurements via Notes from Nature,
78051978,UCSB-IZC00036009,body size;intertegular distance;ITD,2.9,mm,UCSB-IZC00036009.jpg,Notes from Nature participants,2022-07-22,Crowd source measurements via Notes from Nature,
78051979,UCSB-IZC00036013,body size;intertegular distance;ITD,1.3,mm,UCSB-IZC00036013.jpg,Notes from Nature participants,2022-07-22,Crowd source measurements via Notes from Nature,
78051980,UCSB-IZC00036017,body size;intertegular distance;ITD,3.1,mm,UCSB-IZC00036017.jpg,Notes from Nature participants,2022-07-22,Crowd source measurements via Notes from Nature,
78051981,UCSB-IZC00036022,body size;intertegular distance;ITD,4.4,mm,UCSB-IZC00036022.jpg,Notes from Nature participants,2022-07-22,Crowd source measurements via Notes from Nature,
78051982,UCSB-IZC00036025,body size;intertegular distance;ITD,2.5,mm,UCSB-IZC00036025.jpg,Notes from Nature participants,2022-07-22,Crowd source measurements via Notes from Nature,
78051983,UCSB-IZC00036033,body size;intertegular distance;ITD,2,mm,UCSB-IZC00036033.jpg,Notes from Nature participants,2022-07-22,Crowd source measurements via Notes from Nature,
78051984,UCSB-IZC00036044,body size;intertegular distance;ITD,2.5,mm,UCSB-IZC00036044.jpg,Notes from Nature participants,2022-07-22,Crowd source measurements via Notes from Nature,
78051985,UCSB-IZC00036055,body size;intertegular distance;ITD,3,mm,UCSB-IZC00036055.jpg,Notes from Nature participants,2022-07-22,Crowd source measurements via Notes from Nature,
78051986,UCSB-IZC00036129,body size;intertegular distance;ITD,2.2,mm,UCSB-IZC00036129.jpg,Notes from Nature participants,2022-07-22,Crowd source measurements via Notes from Nature,
78051987,UCSB-IZC00036134,body size;intertegular distance;ITD,1.9,mm,UCSB-IZC00036134.jpg,Notes from Nature participants,2022-07-22,Crowd source measurements via Notes from Nature,
78051988,UCSB-IZC00036140,body size;intertegular distance;ITD,2.2,mm,UCSB-IZC00036140.jpg,Notes from Nature participants,2022-07-22,Crowd source measurements via Notes from Nature,
78051989,UCSB-IZC00036147,body size;intertegular distance;ITD,2,mm,UCSB-IZC00036147.jpg,Notes from Nature participants,2022-07-22,Crowd source measurements via Notes from Nature,
78051990,UCSB-IZC00036148,body size;intertegular distance;ITD,1,mm,UCSB-IZC00036148.jpg,Notes from Nature participants,2022-07-22,Crowd source measurements via Notes from Nature,
78051991,UCSB-IZC00036153,body size;intertegular distance;ITD,1.9,mm,UCSB-IZC00036153.jpg,Notes from Nature participants,2022-07-22,Crowd source measurements via Notes from Nature,
78051992,UCSB-IZC00036159,body size;intertegular distance;ITD,2.2,mm,UCSB-IZC00036159.jpg,Notes from Nature participants,2022-07-22,Crowd source measurements via Notes from Nature,
78051993,UCSB-IZC00036169,body size;intertegular distance;ITD,2.1,mm,UCSB-IZC00036169.jpg,Notes from Nature participants,2022-07-22,Crowd source measurements via Notes from Nature,
78051994,UCSB-IZC00036172,body size;intertegular distance;ITD,0.6,mm,UCSB-IZC00036172.jpg,Notes from Nature participants,2022-07-22,Crowd source measurements via Notes from Nature,
78051995,UCSB-IZC00036177,body size;intertegular distance;ITD,1.7,mm,UCSB-IZC00036177.jpg,Notes from Nature participants,2022-07-22,Crowd source measurements via Notes from Nature,
78051996,UCSB-IZC00036226,body size;intertegular distance;ITD,1.8,mm,UCSB-IZC00036226.jpg,Notes from Nature participants,2022-07-22,Crowd source measurements via Notes from Nature,
78051997,UCSB-IZC00036256,body size;intertegular distance;ITD,1.3,mm,UCSB-IZC00036256.jpg,Notes from Nature participants,2022-07-22,Crowd source measurements via Notes from Nature,
78051998,UCSB-IZC00036274,body size;intertegular distance;ITD,1.4,mm,UCSB-IZC00036274.jpg,Notes from Nature participants,2022-07-22,Crowd source measurements via Notes from Nature,
78051999,UCSB-IZC00036280,body size;intertegular distance;ITD,1.2,mm,UCSB-IZC00036280.jpg,Notes from Nature participants,2022-07-22,Crowd source measurements via Notes from Nature,
78052000,UCSB-IZC00036291,body size;intertegular distance;ITD,2.9,mm,UCSB-IZC00036291.jpg,Notes from Nature participants,2022-07-22,Crowd source measurements via Notes from Nature,
78052001,UCSB-IZC00036301,body size;intertegular distance;ITD,0.2,mm,UCSB-IZC00036301.jpg,Notes from Nature participants,2022-07-22,Crowd source measurements via Notes from Nature,
78052002,UCSB-IZC00036303,body size;intertegular distance;ITD,2.1,mm,UCSB-IZC00036303.jpg,Notes from Nature participants,2022-07-22,Crowd source measurements via Notes from Nature,
78052003,UCSB-IZC00036306,body size;intertegular distance;ITD,1.9,mm,UCSB-IZC00036306.jpg,Notes from Nature participants,2022-07-22,Crowd source measurements via Notes from Nature,
78052004,UCSB-IZC00036307,body size;intertegular distance;ITD,1.8,mm,UCSB-IZC00036307.jpg,Notes from Nature participants,2022-07-22,Crowd source measurements via Notes from Nature,
78052005,UCSB-IZC00036314,body size;intertegular distance;ITD,1.1,mm,UCSB-IZC00036314.jpg,Notes from Nature participants,2022-07-22,Crowd source measurements via Notes from Nature,
78052006,UCSB-IZC00036315,body size;intertegular distance;ITD,1.9,mm,UCSB-IZC00036315.jpg,Notes from Nature participants,2022-07-22,Crowd source measurements via Notes from Nature,
78052007,UCSB-IZC00036320,body size;intertegular distance;ITD,2.9,mm,UCSB-IZC00036320.jpg,Notes from Nature participants,2022-07-22,Crowd source measurements via Notes from Nature,
78052008,UCSB-IZC00036324,body size;intertegular distance;ITD,0.5,mm,UCSB-IZC00036324.jpg,Notes from Nature participants,2022-07-22,Crowd source measurements via Notes from Nature,
78052009,UCSB-IZC00036326,body size;intertegular distance;ITD,2.1,mm,UCSB-IZC00036326.jpg,Notes from Nature participants,2022-07-22,Crowd source measurements via Notes from Nature,
78052010,UCSB-IZC00036329,body size;intertegular distance;ITD,1.9,mm,UCSB-IZC00036329.jpg,Notes from Nature participants,2022-07-22,Crowd source measurements via Notes from Nature,
78052011,UCSB-IZC00036341,body size;intertegular distance;ITD,0.2,mm,UCSB-IZC00036341.jpg,Notes from Nature participants,2022-07-22,Crowd source measurements via Notes from Nature,
78052012,UCSB-IZC00036342,body size;intertegular distance;ITD,0.9,mm,UCSB-IZC00036342.jpg,Notes from Nature participants,2022-07-22,Crowd source measurements via Notes from Nature,
78052013,UCSB-IZC00036353,body size;intertegular distance;ITD,2,mm,UCSB-IZC00036353.jpg,Notes from Nature participants,2022-07-22,Crowd source measurements via Notes from Nature,
78052014,UCSB-IZC00036424,body size;intertegular distance;ITD,2,mm,UCSB-IZC00036424.jpg,Notes from Nature participants,2022-07-22,Crowd source measurements via Notes from Nature,
78052015,UCSB-IZC00036433,body size;intertegular distance;ITD,0.9,mm,UCSB-IZC00036433.jpg,Notes from Nature participants,2022-07-22,Crowd source measurements via Notes from Nature,
78052016,UCSB-IZC00036437,body size;intertegular distance;ITD,2.1,mm,UCSB-IZC00036437.jpg,Notes from Nature participants,2022-07-22,Crowd source measurements via Notes from Nature,
78052017,UCSB-IZC00036438,body size;intertegular distance;ITD,1.4,mm,UCSB-IZC00036438.jpg,Notes from Nature participants,2022-07-22,Crowd source measurements via Notes from Nature,
78052018,UCSB-IZC00036447,body size;intertegular distance;ITD,2.8,mm,UCSB-IZC00036447.jpg,Notes from Nature participants,2022-07-22,Crowd source measurements via Notes from Nature,
78052019,UCSB-IZC00036453,body size;intertegular distance;ITD,1,mm,UCSB-IZC00036453.jpg,Notes from Nature participants,2022-07-22,Crowd source measurements via Notes from Nature,
78052020,UCSB-IZC00036455,body size;intertegular distance;ITD,1.1,mm,UCSB-IZC00036455.jpg,Notes from Nature participants,2022-07-22,Crowd source measurements via Notes from Nature,
78052021,UCSB-IZC00036456,body size;intertegular distance;ITD,5,mm,UCSB-IZC00036456.jpg,Notes from Nature participants,2022-07-22,Crowd source measurements via Notes from Nature,
78052319,UCSB-IZC00036466,body size;intertegular distance;ITD,2.2,mm,UCSB-IZC00036466.jpg,Notes from Nature participants,2022-07-22,Crowd source measurements via Notes from Nature,
78052330,UCSB-IZC00036466,body size;intertegular distance;ITD,4.3,mm,UCSB-IZC00036466.jpg,Notes from Nature participants,2022-07-22,Crowd source measurements via Notes from Nature,
78052022,UCSB-IZC00036474,body size;intertegular distance;ITD,4.3,mm,UCSB-IZC00036474.jpg,Notes from Nature participants,2022-07-22,Crowd source measurements via Notes from Nature,
78052023,UCSB-IZC00036541,body size;intertegular distance;ITD,1.1,mm,UCSB-IZC00036541.jpg,Notes from Nature participants,2022-07-22,Crowd source measurements via Notes from Nature,
78052024,UCSB-IZC00036544,body size;intertegular distance;ITD,2.9,mm,UCSB-IZC00036544.jpg,Notes from Nature participants,2022-07-22,Crowd source measurements via Notes from Nature,
78052025,UCSB-IZC00036550,body size;intertegular distance;ITD,3.2,mm,UCSB-IZC00036550.jpg,Notes from Nature participants,2022-07-22,Crowd source measurements via Notes from Nature,
78052026,UCSB-IZC00036558,body size;intertegular distance;ITD,1.4,mm,UCSB-IZC00036558.jpg,Notes from Nature participants,2022-07-22,Crowd source measurements via Notes from Nature,
78052027,UCSB-IZC00036564,body size;intertegular distance;ITD,2.6,mm,UCSB-IZC00036564.jpg,Notes from Nature participants,2022-07-22,Crowd source measurements via Notes from Nature,
78052028,UCSB-IZC00036571,body size;intertegular distance;ITD,2.3,mm,UCSB-IZC00036571.jpg,Notes from Nature participants,2022-07-22,Crowd source measurements via Notes from Nature,
78052029,UCSB-IZC00036576,body size;intertegular distance;ITD,4.5,mm,UCSB-IZC00036576.jpg,Notes from Nature participants,2022-07-22,Crowd source measurements via Notes from Nature,
78052030,UCSB-IZC00036581,body size;intertegular distance;ITD,2.1,mm,UCSB-IZC00036581.jpg,Notes from Nature participants,2022-07-22,Crowd source measurements via Notes from Nature,
78052031,UCSB-IZC00036582,body size;intertegular distance;ITD,2.3,mm,UCSB-IZC00036582.jpg,Notes from Nature participants,2022-07-22,Crowd source measurements via Notes from Nature,
78052032,UCSB-IZC00036586,body size;intertegular distance;ITD,1.4,mm,UCSB-IZC00036586.jpg,Notes from Nature participants,2022-07-22,Crowd source measurements via Notes from Nature,
78052033,UCSB-IZC00036587,body size;intertegular distance;ITD,1.2,mm,UCSB-IZC00036587.jpg,Notes from Nature participants,2022-07-22,Crowd source measurements via Notes from Nature,
78052034,UCSB-IZC00036589,body size;intertegular distance;ITD,3,mm,UCSB-IZC00036589.jpg,Notes from Nature participants,2022-07-22,Crowd source measurements via Notes from Nature,
78052035,UCSB-IZC00036592,body size;intertegular distance;ITD,2.1,mm,UCSB-IZC00036592.jpg,Notes from Nature participants,2022-07-22,Crowd source measurements via Notes from Nature,
78052036,UCSB-IZC00036601,body size;intertegular distance;ITD,2.4,mm,UCSB-IZC00036601.jpg,Notes from Nature participants,2022-07-22,Crowd source measurements via Notes from Nature,
78052037,UCSB-IZC00036602,body size;intertegular distance;ITD,1.2,mm,UCSB-IZC00036602.jpg,Notes from Nature participants,2022-07-22,Crowd source measurements via Notes from Nature,
78052038,UCSB-IZC00036603,body size;intertegular distance;ITD,2.4,mm,UCSB-IZC00036603.jpg,Notes from Nature participants,2022-07-22,Crowd source measurements via Notes from Nature,
78052039,UCSB-IZC00036610,body size;intertegular distance;ITD,3.5,mm,UCSB-IZC00036610.jpg,Notes from Nature participants,2022-07-22,Crowd source measurements via Notes from Nature,
78052040,UCSB-IZC00036620,body size;intertegular distance;ITD,0.6,mm,UCSB-IZC00036620.jpg,Notes from Nature participants,2022-07-22,Crowd source measurements via Notes from Nature,
78052041,UCSB-IZC00036621,body size;intertegular distance;ITD,2.8,mm,UCSB-IZC00036621.jpg,Notes from Nature participants,2022-07-22,Crowd source measurements via Notes from Nature,
78052042,UCSB-IZC00036623,body size;intertegular distance;ITD,1.7,mm,UCSB-IZC00036623.jpg,Notes from Nature participants,2022-07-22,Crowd source measurements via Notes from Nature,
78052043,UCSB-IZC00036628,body size;intertegular distance;ITD,1.1,mm,UCSB-IZC00036628.jpg,Notes from Nature participants,2022-07-22,Crowd source measurements via Notes from Nature,
78052044,UCSB-IZC00036633,body size;intertegular distance;ITD,4.1,mm,UCSB-IZC00036633.jpg,Notes from Nature participants,2022-07-22,Crowd source measurements via Notes from Nature,
78052045,UCSB-IZC00036634,body size;intertegular distance;ITD,1.2,mm,UCSB-IZC00036634.jpg,Notes from Nature participants,2022-07-22,Crowd source measurements via Notes from Nature,
78052046,UCSB-IZC00036635,body size;intertegular distance;ITD,3.2,mm,UCSB-IZC00036635.jpg,Notes from Nature participants,2022-07-22,Crowd source measurements via Notes from Nature,
78052047,UCSB-IZC00036637,body size;intertegular distance;ITD,2,mm,UCSB-IZC00036637.jpg,Notes from Nature participants,2022-07-22,Crowd source measurements via Notes from Nature,
78052048,UCSB-IZC00036639,body size;intertegular distance;ITD,2.4,mm,UCSB-IZC00036639.jpg,Notes from Nature participants,2022-07-22,Crowd source measurements via Notes from Nature,
78052049,UCSB-IZC00036646,body size;intertegular distance;ITD,2.3,mm,UCSB-IZC00036646.jpg,Notes from Nature participants,2022-07-22,Crowd source measurements via Notes from Nature,
78052050,UCSB-IZC00036647,body size;intertegular distance;ITD,1.9,mm,UCSB-IZC00036647.jpg,Notes from Nature participants,2022-07-22,Crowd source measurements via Notes from Nature,
78052051,UCSB-IZC00036700,body size;intertegular distance;ITD,2.7,mm,UCSB-IZC00036700.jpg,Notes from Nature participants,2022-07-22,Crowd source measurements via Notes from Nature,
78052052,UCSB-IZC00036724,body size;intertegular distance;ITD,3.6,mm,UCSB-IZC00036724.jpg,Notes from Nature participants,2022-07-22,Crowd source measurements via Notes from Nature,
78052053,UCSB-IZC00036733,body size;intertegular distance;ITD,1.9,mm,UCSB-IZC00036733.jpg,Notes from Nature participants,2022-07-22,Crowd source measurements via Notes from Nature,
78052054,UCSB-IZC00036737,body size;intertegular distance;ITD,1.4,mm,UCSB-IZC00036737.jpg,Notes from Nature participants,2022-07-22,Crowd source measurements via Notes from Nature,
78052055,UCSB-IZC00036748,body size;intertegular distance;ITD,1.9,mm,UCSB-IZC00036748.jpg,Notes from Nature participants,2022-07-22,Crowd source measurements via Notes from Nature,
78052056,UCSB-IZC00036756,body size;intertegular distance;ITD,1.8,mm,UCSB-IZC00036756.jpg,Notes from Nature participants,2022-07-22,Crowd source measurements via Notes from Nature,
78052057,UCSB-IZC00036757,body size;intertegular distance;ITD,3,mm,UCSB-IZC00036757.jpg,Notes from Nature participants,2022-07-22,Crowd source measurements via Notes from Nature,
78052058,UCSB-IZC00036762,body size;intertegular distance;ITD,3.5,mm,UCSB-IZC00036762.jpg,Notes from Nature participants,2022-07-22,Crowd source measurements via Notes from Nature,
78052059,UCSB-IZC00036765,body size;intertegular distance;ITD,2,mm,UCSB-IZC00036765.jpg,Notes from Nature participants,2022-07-22,Crowd source measurements via Notes from Nature,
78052060,UCSB-IZC00036766,body size;intertegular distance;ITD,3.2,mm,UCSB-IZC00036766.jpg,Notes from Nature participants,2022-07-22,Crowd source measurements via Notes from Nature,
78052061,UCSB-IZC00036771,body size;intertegular distance;ITD,0.4,mm,UCSB-IZC00036771.jpg,Notes from Nature participants,2022-07-22,Crowd source measurements via Notes from Nature,
78052062,UCSB-IZC00036772,body size;intertegular distance;ITD,1.1,mm,UCSB-IZC00036772.jpg,Notes from Nature participants,2022-07-22,Crowd source measurements via Notes from Nature,
78052063,UCSB-IZC00036840,body size;intertegular distance;ITD,1.4,mm,UCSB-IZC00036840.jpg,Notes from Nature participants,2022-07-22,Crowd source measurements via Notes from Nature,
78052064,UCSB-IZC00036889,body size;intertegular distance;ITD,1.3,mm,UCSB-IZC00036889.jpg,Notes from Nature participants,2022-07-22,Crowd source measurements via Notes from Nature,
78052065,UCSB-IZC00036892,body size;intertegular distance;ITD,1.1,mm,UCSB-IZC00036892.jpg,Notes from Nature participants,2022-07-22,Crowd source measurements via Notes from Nature,
78052066,UCSB-IZC00036921,body size;intertegular distance;ITD,0.4,mm,UCSB-IZC00036921.jpg,Notes from Nature participants,2022-07-22,Crowd source measurements via Notes from Nature,
78052067,UCSB-IZC00036933,body size;intertegular distance;ITD,2.2,mm,UCSB-IZC00036933.jpg,Notes from Nature participants,2022-07-22,Crowd source measurements via Notes from Nature,
78052068,UCSB-IZC00036943,body size;intertegular distance;ITD,1.9,mm,UCSB-IZC00036943.jpg,Notes from Nature participants,2022-07-22,Crowd source measurements via Notes from Nature,
78052069,UCSB-IZC00036946,body size;intertegular distance;ITD,2.3,mm,UCSB-IZC00036946.jpg,Notes from Nature participants,2022-07-22,Crowd source measurements via Notes from Nature,
78052070,UCSB-IZC00036950,body size;intertegular distance;ITD,2.1,mm,UCSB-IZC00036950.jpg,Notes from Nature participants,2022-07-22,Crowd source measurements via Notes from Nature,
78052071,UCSB-IZC00036981,body size;intertegular distance;ITD,0.2,mm,UCSB-IZC00036981.jpg,Notes from Nature participants,2022-07-22,Crowd source measurements via Notes from Nature,
78052072,UCSB-IZC00037085,body size;intertegular distance;ITD,2.2,mm,UCSB-IZC00037085.jpg,Notes from Nature participants,2022-07-22,Crowd source measurements via Notes from Nature,
78052073,UCSB-IZC00037089,body size;intertegular distance;ITD,1.6,mm,UCSB-IZC00037089.jpg,Notes from Nature participants,2022-07-22,Crowd source measurements via Notes from Nature,
78052074,UCSB-IZC00037095,body size;intertegular distance;ITD,2.1,mm,UCSB-IZC00037095.jpg,Notes from Nature participants,2022-07-22,Crowd source measurements via Notes from Nature,
78052075,UCSB-IZC00037107,body size;intertegular distance;ITD,0.4,mm,UCSB-IZC00037107.jpg,Notes from Nature participants,2022-07-22,Crowd source measurements via Notes from Nature,
78052076,UCSB-IZC00037115,body size;intertegular distance;ITD,0.6,mm,UCSB-IZC00037115.jpg,Notes from Nature participants,2022-07-22,Crowd source measurements via Notes from Nature,
78052077,UCSB-IZC00037128,body size;intertegular distance;ITD,1.9,mm,UCSB-IZC00037128.jpg,Notes from Nature participants,2022-07-22,Crowd source measurements via Notes from Nature,
78052078,UCSB-IZC00037139,body size;intertegular distance;ITD,1.4,mm,UCSB-IZC00037139.jpg,Notes from Nature participants,2022-07-22,Crowd source measurements via Notes from Nature,
78052079,UCSB-IZC00037202,body size;intertegular distance;ITD,1.2,mm,UCSB-IZC00037202.jpg,Notes from Nature participants,2022-07-22,Crowd source measurements via Notes from Nature,
78052080,UCSB-IZC00037203,body size;intertegular distance;ITD,0.5,mm,UCSB-IZC00037203.jpg,Notes from Nature participants,2022-07-22,Crowd source measurements via Notes from Nature,
78052081,UCSB-IZC00037211,body size;intertegular distance;ITD,0.4,mm,UCSB-IZC00037211.jpg,Notes from Nature participants,2022-07-22,Crowd source measurements via Notes from Nature,
78052082,UCSB-IZC00037213,body size;intertegular distance;ITD,0.4,mm,UCSB-IZC00037213.jpg,Notes from Nature participants,2022-07-22,Crowd source measurements via Notes from Nature,
78052083,UCSB-IZC00037223,body size;intertegular distance;ITD,1,mm,UCSB-IZC00037223.jpg,Notes from Nature participants,2022-07-22,Crowd source measurements via Notes from Nature,
78052084,UCSB-IZC00037232,body size;intertegular distance;ITD,1.9,mm,UCSB-IZC00037232.jpg,Notes from Nature participants,2022-07-22,Crowd source measurements via Notes from Nature,
78052085,UCSB-IZC00037241,body size;intertegular distance;ITD,1.7,mm,UCSB-IZC00037241.jpg,Notes from Nature participants,2022-07-22,Crowd source measurements via Notes from Nature,
78052086,UCSB-IZC00037242,body size;intertegular distance;ITD,1.6,mm,UCSB-IZC00037242.jpg,Notes from Nature participants,2022-07-22,Crowd source measurements via Notes from Nature,
78052087,UCSB-IZC00037244,body size;intertegular distance;ITD,2.3,mm,UCSB-IZC00037244.jpg,Notes from Nature participants,2022-07-22,Crowd source measurements via Notes from Nature,
78052088,UCSB-IZC00037247,body size;intertegular distance;ITD,1.4,mm,UCSB-IZC00037247.jpg,Notes from Nature participants,2022-07-22,Crowd source measurements via Notes from Nature,
78052089,UCSB-IZC00037252,body size;intertegular distance;ITD,1.8,mm,UCSB-IZC00037252.jpg,Notes from Nature participants,2022-07-22,Crowd source measurements via Notes from Nature,
78052090,UCSB-IZC00037256,body size;intertegular distance;ITD,0.6,mm,UCSB-IZC00037256.jpg,Notes from Nature participants,2022-07-22,Crowd source measurements via Notes from Nature,
78052091,UCSB-IZC00037341,body size;intertegular distance;ITD,0.6,mm,UCSB-IZC00037341.jpg,Notes from Nature participants,2022-07-22,Crowd source measurements via Notes from Nature,
78052092,UCSB-IZC00037446,body size;intertegular distance;ITD,0.5,mm,UCSB-IZC00037446.jpg,Notes from Nature participants,2022-07-22,Crowd source measurements via Notes from Nature,
78052093,UCSB-IZC00037470,body size;intertegular distance;ITD,0.9,mm,UCSB-IZC00037470.jpg,Notes from Nature participants,2022-07-22,Crowd source measurements via Notes from Nature,
78052094,UCSB-IZC00037695,body size;intertegular distance;ITD,3.9,mm,UCSB-IZC00037695.jpg,Notes from Nature participants,2022-07-22,Crowd source measurements via Notes from Nature,
78052095,UCSB-IZC00037698,body size;intertegular distance;ITD,0.1,mm,UCSB-IZC00037698.jpg,Notes from Nature participants,2022-07-22,Crowd source measurements via Notes from Nature,
78052096,UCSB-IZC00037707,body size;intertegular distance;ITD,3.2,mm,UCSB-IZC00037707.jpg,Notes from Nature participants,2022-07-22,Crowd source measurements via Notes from Nature,
78052097,UCSB-IZC00037720,body size;intertegular distance;ITD,1.4,mm,UCSB-IZC00037720.jpg,Notes from Nature participants,2022-07-22,Crowd source measurements via Notes from Nature,
78052098,UCSB-IZC00038568,body size;intertegular distance;ITD,2.3,mm,UCSB-IZC00038568.jpg,Notes from Nature participants,2022-07-22,Crowd source measurements via Notes from Nature,
78052099,UCSB-IZC00038573,body size;intertegular distance;ITD,1.3,mm,UCSB-IZC00038573.jpg,Notes from Nature participants,2022-07-22,Crowd source measurements via Notes from Nature,
78052100,UCSB-IZC00038612,body size;intertegular distance;ITD,2.6,mm,UCSB-IZC00038612.jpg,Notes from Nature participants,2022-07-22,Crowd source measurements via Notes from Nature,
78052101,UCSB-IZC00038656,body size;intertegular distance;ITD,1.9,mm,UCSB-IZC00038656.jpg,Notes from Nature participants,2022-07-22,Crowd source measurements via Notes from Nature,
78052102,UCSB-IZC00038705,body size;intertegular distance;ITD,4.8,mm,UCSB-IZC00038705.jpg,Notes from Nature participants,2022-07-22,Crowd source measurements via Notes from Nature,
78052103,UCSB-IZC00038711,body size;intertegular distance;ITD,3.7,mm,UCSB-IZC00038711.jpg,Notes from Nature participants,2022-07-22,Crowd source measurements via Notes from Nature,
78052104,UCSB-IZC00038770,body size;intertegular distance;ITD,0.6,mm,UCSB-IZC00038770.jpg,Notes from Nature participants,2022-07-22,Crowd source measurements via Notes from Nature,
78052105,UCSB-IZC00038774,body size;intertegular distance;ITD,3.2,mm,UCSB-IZC00038774.jpg,Notes from Nature participants,2022-07-22,Crowd source measurements via Notes from Nature,
78052106,UCSB-IZC00038777,body size;intertegular distance;ITD,2,mm,UCSB-IZC00038777.jpg,Notes from Nature participants,2022-07-22,Crowd source measurements via Notes from Nature,
78052107,UCSB-IZC00038808,body size;intertegular distance;ITD,1.9,mm,UCSB-IZC00038808.jpg,Notes from Nature participants,2022-07-22,Crowd source measurements via Notes from Nature,
78052109,UCSB-IZC00038814,body size;intertegular distance;ITD,2,mm,UCSB-IZC00038814.jpg,Notes from Nature participants,2022-07-22,Crowd source measurements via Notes from Nature,
78052111,UCSB-IZC00038816,body size;intertegular distance;ITD,1.7,mm,UCSB-IZC00038816.jpg,Notes from Nature participants,2022-07-22,Crowd source measurements via Notes from Nature,
78052113,UCSB-IZC00038828,body size;intertegular distance;ITD,0,mm,UCSB-IZC00038828.jpg,Notes from Nature participants,2022-07-22,Crowd source measurements via Notes from Nature,
78052114,UCSB-IZC00038830,body size;intertegular distance;ITD,1.6,mm,UCSB-IZC00038830.jpg,Notes from Nature participants,2022-07-22,Crowd source measurements via Notes from Nature,
78052115,UCSB-IZC00038833,body size;intertegular distance;ITD,2.5,mm,UCSB-IZC00038833.jpg,Notes from Nature participants,2022-07-22,Crowd source measurements via Notes from Nature,
78052116,UCSB-IZC00038844,body size;intertegular distance;ITD,1.4,mm,UCSB-IZC00038844.jpg,Notes from Nature participants,2022-07-22,Crowd source measurements via Notes from Nature,
78052117,UCSB-IZC00038845,body size;intertegular distance;ITD,0.3,mm,UCSB-IZC00038845.jpg,Notes from Nature participants,2022-07-22,Crowd source measurements via Notes from Nature,
78052118,UCSB-IZC00038873,body size;intertegular distance;ITD,2.4,mm,UCSB-IZC00038873.jpg,Notes from Nature participants,2022-07-22,Crowd source measurements via Notes from Nature,
78052119,UCSB-IZC00038875,body size;intertegular distance;ITD,1.8,mm,UCSB-IZC00038875.jpg,Notes from Nature participants,2022-07-22,Crowd source measurements via Notes from Nature,
78052120,UCSB-IZC00038909,body size;intertegular distance;ITD,2,mm,UCSB-IZC00038909.jpg,Notes from Nature participants,2022-07-22,Crowd source measurements via Notes from Nature,
78052121,UCSB-IZC00039302,body size;intertegular distance;ITD,2.3,mm,UCSB-IZC00039302.jpg,Notes from Nature participants,2022-07-22,Crowd source measurements via Notes from Nature,
78052122,UCSB-IZC00039309,body size;intertegular distance;ITD,1.3,mm,UCSB-IZC00039309.jpg,Notes from Nature participants,2022-07-22,Crowd source measurements via Notes from Nature,
78052123,UCSB-IZC00039723,body size;intertegular distance;ITD,1.9,mm,UCSB-IZC00039723.jpg,Notes from Nature participants,2022-07-22,Crowd source measurements via Notes from Nature,
78052124,UCSB-IZC00039728,body size;intertegular distance;ITD,0.6,mm,UCSB-IZC00039728.jpg,Notes from Nature participants,2022-07-22,Crowd source measurements via Notes from Nature,
78052125,UCSB-IZC00039729,body size;intertegular distance;ITD,2.4,mm,UCSB-IZC00039729.jpg,Notes from Nature participants,2022-07-22,Crowd source measurements via Notes from Nature,
78052126,UCSB-IZC00039743,body size;intertegular distance;ITD,1.8,mm,UCSB-IZC00039743.jpg,Notes from Nature participants,2022-07-22,Crowd source measurements via Notes from Nature,
78052127,UCSB-IZC00039748,body size;intertegular distance;ITD,1.9,mm,UCSB-IZC00039748.jpg,Notes from Nature participants,2022-07-22,Crowd source measurements via Notes from Nature,
78052128,UCSB-IZC00039750,body size;intertegular distance;ITD,1.7,mm,UCSB-IZC00039750.jpg,Notes from Nature participants,2022-07-22,Crowd source measurements via Notes from Nature,
78052129,UCSB-IZC00039762,body size;intertegular distance;ITD,1.3,mm,UCSB-IZC00039762.jpg,Notes from Nature participants,2022-07-22,Crowd source measurements via Notes from Nature,
78052130,UCSB-IZC00039767,body size;intertegular distance;ITD,0.6,mm,UCSB-IZC00039767.jpg,Notes from Nature participants,2022-07-22,Crowd source measurements via Notes from Nature,
78052131,UCSB-IZC00039769,body size;intertegular distance;ITD,0.1,mm,UCSB-IZC00039769.jpg,Notes from Nature participants,2022-07-22,Crowd source measurements via Notes from Nature,
78052132,UCSB-IZC00039868,body size;intertegular distance;ITD,2.7,mm,UCSB-IZC00039868.jpg,Notes from Nature participants,2022-07-22,Crowd source measurements via Notes from Nature,
78052133,UCSB-IZC00039879,body size;intertegular distance;ITD,2.3,mm,UCSB-IZC00039879.jpg,Notes from Nature participants,2022-07-22,Crowd source measurements via Notes from Nature,
78052134,UCSB-IZC00039886,body size;intertegular distance;ITD,0.2,mm,UCSB-IZC00039886.jpg,Notes from Nature participants,2022-07-22,Crowd source measurements via Notes from Nature,
78052135,UCSB-IZC00039956,body size;intertegular distance;ITD,1.7,mm,UCSB-IZC00039956.jpg,Notes from Nature participants,2022-07-22,Crowd source measurements via Notes from Nature,
78052136,UCSB-IZC00040261,body size;intertegular distance;ITD,1.3,mm,UCSB-IZC00040261.jpg,Notes from Nature participants,2022-07-22,Crowd source measurements via Notes from Nature,
78052137,UCSB-IZC00040268,body size;intertegular distance;ITD,4.2,mm,UCSB-IZC00040268.jpg,Notes from Nature participants,2022-07-22,Crowd source measurements via Notes from Nature,
78052138,UCSB-IZC00040276,body size;intertegular distance;ITD,2.1,mm,UCSB-IZC00040276.jpg,Notes from Nature participants,2022-07-22,Crowd source measurements via Notes from Nature,
78052139,UCSB-IZC00040284,body size;intertegular distance;ITD,0.7,mm,UCSB-IZC00040284.jpg,Notes from Nature participants,2022-07-22,Crowd source measurements via Notes from Nature,
78052140,UCSB-IZC00040285,body size;intertegular distance;ITD,1.9,mm,UCSB-IZC00040285.jpg,Notes from Nature participants,2022-07-22,Crowd source measurements via Notes from Nature,
78052141,UCSB-IZC00040411,body size;intertegular distance;ITD,2.4,mm,UCSB-IZC00040411.jpg,Notes from Nature participants,2022-07-22,Crowd source measurements via Notes from Nature,
78052142,UCSB-IZC00040421,body size;intertegular distance;ITD,0.7,mm,UCSB-IZC00040421.jpg,Notes from Nature participants,2022-07-22,Crowd source measurements via Notes from Nature,
78052143,UCSB-IZC00040424,body size;intertegular distance;ITD,0.5,mm,UCSB-IZC00040424.jpg,Notes from Nature participants,2022-07-22,Crowd source measurements via Notes from Nature,
78052144,UCSB-IZC00040428,body size;intertegular distance;ITD,2.9,mm,UCSB-IZC00040428.jpg,Notes from Nature participants,2022-07-22,Crowd source measurements via Notes from Nature,
78052145,UCSB-IZC00040432,body size;intertegular distance;ITD,2.3,mm,UCSB-IZC00040432.jpg,Notes from Nature participants,2022-07-22,Crowd source measurements via Notes from Nature,
78052146,UCSB-IZC00040441,body size;intertegular distance;ITD,1,mm,UCSB-IZC00040441.jpg,Notes from Nature participants,2022-07-22,Crowd source measurements via Notes from Nature,
78052147,UCSB-IZC00040447,body size;intertegular distance;ITD,2,mm,UCSB-IZC00040447.jpg,Notes from Nature participants,2022-07-22,Crowd source measurements via Notes from Nature,
78052148,UCSB-IZC00040751,body size;intertegular distance;ITD,1.1,mm,UCSB-IZC00040751.jpg,Notes from Nature participants,2022-07-22,Crowd source measurements via Notes from Nature,
78052149,UCSB-IZC00040783,body size;intertegular distance;ITD,1.2,mm,UCSB-IZC00040783.jpg,Notes from Nature participants,2022-07-22,Crowd source measurements via Notes from Nature,
78052150,UCSB-IZC00040787,body size;intertegular distance;ITD,1.6,mm,UCSB-IZC00040787.jpg,Notes from Nature participants,2022-07-22,Crowd source measurements via Notes from Nature,
78052151,UCSB-IZC00040801,body size;intertegular distance;ITD,0.3,mm,UCSB-IZC00040801.jpg,Notes from Nature participants,2022-07-22,Crowd source measurements via Notes from Nature,
78052152,UCSB-IZC00040812,body size;intertegular distance;ITD,0.5,mm,UCSB-IZC00040812.jpg,Notes from Nature participants,2022-07-22,Crowd source measurements via Notes from Nature,
78052153,UCSB-IZC00040823,body size;intertegular distance;ITD,2.1,mm,UCSB-IZC00040823.jpg,Notes from Nature participants,2022-07-22,Crowd source measurements via Notes from Nature,
78052154,UCSB-IZC00040827,body size;intertegular distance;ITD,1.7,mm,UCSB-IZC00040827.jpg,Notes from Nature participants,2022-07-22,Crowd source measurements via Notes from Nature,
78052155,UCSB-IZC00040828,body size;intertegular distance;ITD,1.3,mm,UCSB-IZC00040828.jpg,Notes from Nature participants,2022-07-22,Crowd source measurements via Notes from Nature,
78052156,UCSB-IZC00040841,body size;intertegular distance;ITD,4,mm,UCSB-IZC00040841.jpg,Notes from Nature participants,2022-07-22,Crowd source measurements via Notes from Nature,
78052157,UCSB-IZC00040843,body size;intertegular distance;ITD,0.7,mm,UCSB-IZC00040843.jpg,Notes from Nature participants,2022-07-22,Crowd source measurements via Notes from Nature,
78052158,UCSB-IZC00040844,body size;intertegular distance;ITD,1.9,mm,UCSB-IZC00040844.jpg,Notes from Nature participants,2022-07-22,Crowd source measurements via Notes from Nature,
78052159,UCSB-IZC00040845,body size;intertegular distance;ITD,0.6,mm,UCSB-IZC00040845.jpg,Notes from Nature participants,2022-07-22,Crowd source measurements via Notes from Nature,
78052160,UCSB-IZC00040846,body size;intertegular distance;ITD,1,mm,UCSB-IZC00040846.jpg,Notes from Nature participants,2022-07-22,Crowd source measurements via Notes from Nature,
78052161,UCSB-IZC00040851,body size;intertegular distance;ITD,1.3,mm,UCSB-IZC00040851.jpg,Notes from Nature participants,2022-07-22,Crowd source measurements via Notes from Nature,
78052162,UCSB-IZC00040855,body size;intertegular distance;ITD,0.9,mm,UCSB-IZC00040855.jpg,Notes from Nature participants,2022-07-22,Crowd source measurements via Notes from Nature,
78052163,UCSB-IZC00040857,body size;intertegular distance;ITD,2.2,mm,UCSB-IZC00040857.jpg,Notes from Nature participants,2022-07-22,Crowd source measurements via Notes from Nature,
78052164,UCSB-IZC00040866,body size;intertegular distance;ITD,1.2,mm,UCSB-IZC00040866.jpg,Notes from Nature participants,2022-07-22,Crowd source measurements via Notes from Nature,
78052165,UCSB-IZC00040880,body size;intertegular distance;ITD,1.3,mm,UCSB-IZC00040880.jpg,Notes from Nature participants,2022-07-22,Crowd source measurements via Notes from Nature,
78052166,UCSB-IZC00040882,body size;intertegular distance;ITD,3.2,mm,UCSB-IZC00040882.jpg,Notes from Nature participants,2022-07-22,Crowd source measurements via Notes from Nature,
78052167,UCSB-IZC00040891,body size;intertegular distance;ITD,1,mm,UCSB-IZC00040891.jpg,Notes from Nature participants,2022-07-22,Crowd source measurements via Notes from Nature,
78052168,UCSB-IZC00040926,body size;intertegular distance;ITD,1.9,mm,UCSB-IZC00040926.jpg,Notes from Nature participants,2022-07-22,Crowd source measurements via Notes from Nature,
78052169,UCSB-IZC00040965,body size;intertegular distance;ITD,4.3,mm,UCSB-IZC00040965.jpg,Notes from Nature participants,2022-07-22,Crowd source measurements via Notes from Nature,
78052170,UCSB-IZC00040968,body size;intertegular distance;ITD,3.7,mm,UCSB-IZC00040968.jpg,Notes from Nature participants,2022-07-22,Crowd source measurements via Notes from Nature,
78052171,UCSB-IZC00040984,body size;intertegular distance;ITD,3.7,mm,UCSB-IZC00040984.jpg,Notes from Nature participants,2022-07-22,Crowd source measurements via Notes from Nature,
78052172,UCSB-IZC00040995,body size;intertegular distance;ITD,2.4,mm,UCSB-IZC00040995.jpg,Notes from Nature participants,2022-07-22,Crowd source measurements via Notes from Nature,
78052173,UCSB-IZC00040999,body size;intertegular distance;ITD,3.7,mm,UCSB-IZC00040999.jpg,Notes from Nature participants,2022-07-22,Crowd source measurements via Notes from Nature,
78052174,UCSB-IZC00041008,body size;intertegular distance;ITD,2.9,mm,UCSB-IZC00041008.jpg,Notes from Nature participants,2022-07-22,Crowd source measurements via Notes from Nature,
78052175,UCSB-IZC00041011,body size;intertegular distance;ITD,3.7,mm,UCSB-IZC00041011.jpg,Notes from Nature participants,2022-07-22,Crowd source measurements via Notes from Nature,
78052176,UCSB-IZC00041017,body size;intertegular distance;ITD,3.6,mm,UCSB-IZC00041017.jpg,Notes from Nature participants,2022-07-22,Crowd source measurements via Notes from Nature,
78052177,UCSB-IZC00041020,body size;intertegular distance;ITD,5.4,mm,UCSB-IZC00041020.jpg,Notes from Nature participants,2022-07-22,Crowd source measurements via Notes from Nature,
78052178,UCSB-IZC00041024,body size;intertegular distance;ITD,3,mm,UCSB-IZC00041024.jpg,Notes from Nature participants,2022-07-22,Crowd source measurements via Notes from Nature,
78052179,UCSB-IZC00041031,body size;intertegular distance;ITD,3.7,mm,UCSB-IZC00041031.jpg,Notes from Nature participants,2022-07-22,Crowd source measurements via Notes from Nature,
78052180,UCSB-IZC00041034,body size;intertegular distance;ITD,1.6,mm,UCSB-IZC00041034.jpg,Notes from Nature participants,2022-07-22,Crowd source measurements via Notes from Nature,
78052181,UCSB-IZC00041040,body size;intertegular distance;ITD,5.4,mm,UCSB-IZC00041040.jpg,Notes from Nature participants,2022-07-22,Crowd source measurements via Notes from Nature,
78052182,UCSB-IZC00041461,body size;intertegular distance;ITD,3.6,mm,UCSB-IZC00041461.jpg,Notes from Nature participants,2022-07-22,Crowd source measurements via Notes from Nature,
78052183,UCSB-IZC00041462,body size;intertegular distance;ITD,3.9,mm,UCSB-IZC00041462.jpg,Notes from Nature participants,2022-07-22,Crowd source measurements via Notes from Nature,
78052184,UCSB-IZC00041467,body size;intertegular distance;ITD,3.5,mm,UCSB-IZC00041467.jpg,Notes from Nature participants,2022-07-22,Crowd source measurements via Notes from Nature,
78052185,UCSB-IZC00041480,body size;intertegular distance;ITD,2.2,mm,UCSB-IZC00041480.jpg,Notes from Nature participants,2022-07-22,Crowd source measurements via Notes from Nature,
78052186,UCSB-IZC00041482,body size;intertegular distance;ITD,3.4,mm,UCSB-IZC00041482.jpg,Notes from Nature participants,2022-07-22,Crowd source measurements via Notes from Nature,
78052187,UCSB-IZC00041489,body size;intertegular distance;ITD,2.8,mm,UCSB-IZC00041489.jpg,Notes from Nature participants,2022-07-22,Crowd source measurements via Notes from Nature,
78052188,UCSB-IZC00041508,body size;intertegular distance;ITD,3.2,mm,UCSB-IZC00041508.jpg,Notes from Nature participants,2022-07-22,Crowd source measurements via Notes from Nature,
78052189,UCSB-IZC00041511,body size;intertegular distance;ITD,4.1,mm,UCSB-IZC00041511.jpg,Notes from Nature participants,2022-07-22,Crowd source measurements via Notes from Nature,
78052190,UCSB-IZC00041512,body size;intertegular distance;ITD,4,mm,UCSB-IZC00041512.jpg,Notes from Nature participants,2022-07-22,Crowd source measurements via Notes from Nature,
78052191,UCSB-IZC00041517,body size;intertegular distance;ITD,4.1,mm,UCSB-IZC00041517.jpg,Notes from Nature participants,2022-07-22,Crowd source measurements via Notes from Nature,
78052192,UCSB-IZC00041520,body size;intertegular distance;ITD,3.4,mm,UCSB-IZC00041520.jpg,Notes from Nature participants,2022-07-22,Crowd source measurements via Notes from Nature,
78052193,UCSB-IZC00041521,body size;intertegular distance;ITD,3.1,mm,UCSB-IZC00041521.jpg,Notes from Nature participants,2022-07-22,Crowd source measurements via Notes from Nature,
78052194,UCSB-IZC00041535,body size;intertegular distance;ITD,3.1,mm,UCSB-IZC00041535.jpg,Notes from Nature participants,2022-07-22,Crowd source measurements via Notes from Nature,
78052195,UCSB-IZC00041536,body size;intertegular distance;ITD,2.4,mm,UCSB-IZC00041536.jpg,Notes from Nature participants,2022-07-22,Crowd source measurements via Notes from Nature,
78052196,UCSB-IZC00041538,body size;intertegular distance;ITD,3.8,mm,UCSB-IZC00041538.jpg,Notes from Nature participants,2022-07-22,Crowd source measurements via Notes from Nature,
78052197,UCSB-IZC00041544,body size;intertegular distance;ITD,3.7,mm,UCSB-IZC00041544.jpg,Notes from Nature participants,2022-07-22,Crowd source measurements via Notes from Nature,
78052198,UCSB-IZC00041550,body size;intertegular distance;ITD,3,mm,UCSB-IZC00041550.jpg,Notes from Nature participants,2022-07-22,Crowd source measurements via Notes from Nature,
78052199,UCSB-IZC00041562,body size;intertegular distance;ITD,4.1,mm,UCSB-IZC00041562.jpg,Notes from Nature participants,2022-07-22,Crowd source measurements via Notes from Nature,
78052200,UCSB-IZC00041574,body size;intertegular distance;ITD,4.7,mm,UCSB-IZC00041574.jpg,Notes from Nature participants,2022-07-22,Crowd source measurements via Notes from Nature,
78052201,UCSB-IZC00041623,body size;intertegular distance;ITD,2.1,mm,UCSB-IZC00041623.jpg,Notes from Nature participants,2022-07-22,Crowd source measurements via Notes from Nature,
78052202,UCSB-IZC00041624,body size;intertegular distance;ITD,3.5,mm,UCSB-IZC00041624.jpg,Notes from Nature participants,2022-07-22,Crowd source measurements via Notes from Nature,
78052203,UCSB-IZC00041628,body size;intertegular distance;ITD,3.4,mm,UCSB-IZC00041628.jpg,Notes from Nature participants,2022-07-22,Crowd source measurements via Notes from Nature,
78052204,UCSB-IZC00041640,body size;intertegular distance;ITD,2.8,mm,UCSB-IZC00041640.jpg,Notes from Nature participants,2022-07-22,Crowd source measurements via Notes from Nature,
78052205,UCSB-IZC00041696,body size;intertegular distance;ITD,3.8,mm,UCSB-IZC00041696.jpg,Notes from Nature participants,2022-07-22,Crowd source measurements via Notes from Nature,
78052206,UCSB-IZC00041836,body size;intertegular distance;ITD,3.3,mm,UCSB-IZC00041836.jpg,Notes from Nature participants,2022-07-22,Crowd source measurements via Notes from Nature,
78052207,UCSB-IZC00041841,body size;intertegular distance;ITD,3.5,mm,UCSB-IZC00041841.jpg,Notes from Nature participants,2022-07-22,Crowd source measurements via Notes from Nature,
78052208,UCSB-IZC00041859,body size;intertegular distance;ITD,4,mm,UCSB-IZC00041859.jpg,Notes from Nature participants,2022-07-22,Crowd source measurements via Notes from Nature,
78052209,UCSB-IZC00041881,body size;intertegular distance;ITD,2.2,mm,UCSB-IZC00041881.jpg,Notes from Nature participants,2022-07-22,Crowd source measurements via Notes from Nature,
78052210,UCSB-IZC00041883,body size;intertegular distance;ITD,3.9,mm,UCSB-IZC00041883.jpg,Notes from Nature participants,2022-07-22,Crowd source measurements via Notes from Nature,
78052211,UCSB-IZC00041903,body size;intertegular distance;ITD,3.9,mm,UCSB-IZC00041903.jpg,Notes from Nature participants,2022-07-22,Crowd source measurements via Notes from Nature,
78052212,UCSB-IZC00041904,body size;intertegular distance;ITD,3.4,mm,UCSB-IZC00041904.jpg,Notes from Nature participants,2022-07-22,Crowd source measurements via Notes from Nature,
78052213,UCSB-IZC00041943,body size;intertegular distance;ITD,3.5,mm,UCSB-IZC00041943.jpg,Notes from Nature participants,2022-07-22,Crowd source measurements via Notes from Nature,
78052214,UCSB-IZC00041950,body size;intertegular distance;ITD,3.7,mm,UCSB-IZC00041950.jpg,Notes from Nature participants,2022-07-22,Crowd source measurements via Notes from Nature,
78052215,UCSB-IZC00041963,body size;intertegular distance;ITD,5.5,mm,UCSB-IZC00041963.jpg,Notes from Nature participants,2022-07-22,Crowd source measurements via Notes from Nature,
78052216,UCSB-IZC00041965,body size;intertegular distance;ITD,1.9,mm,UCSB-IZC00041965.jpg,Notes from Nature participants,2022-07-22,Crowd source measurements via Notes from Nature,
78052217,UCSB-IZC00041967,body size;intertegular distance;ITD,2.5,mm,UCSB-IZC00041967.jpg,Notes from Nature participants,2022-07-22,Crowd source measurements via Notes from Nature,
78052218,UCSB-IZC00041971,body size;intertegular distance;ITD,3.5,mm,UCSB-IZC00041971.jpg,Notes from Nature participants,2022-07-22,Crowd source measurements via Notes from Nature,
78052219,UCSB-IZC00041980,body size;intertegular distance;ITD,2.9,mm,UCSB-IZC00041980.jpg,Notes from Nature participants,2022-07-22,Crowd source measurements via Notes from Nature,
78052220,UCSB-IZC00042000,body size;intertegular distance;ITD,2.6,mm,UCSB-IZC00042000.jpg,Notes from Nature participants,2022-07-22,Crowd source measurements via Notes from Nature,
78052221,UCSB-IZC00042071,body size;intertegular distance;ITD,3.1,mm,UCSB-IZC00042071.jpg,Notes from Nature participants,2022-07-22,Crowd source measurements via Notes from Nature,
78052222,UCSB-IZC00042169,body size;intertegular distance;ITD,2.9,mm,UCSB-IZC00042169.jpg,Notes from Nature participants,2022-07-22,Crowd source measurements via Notes from Nature,
78052223,UCSB-IZC00042195,body size;intertegular distance;ITD,4.4,mm,UCSB-IZC00042195.jpg,Notes from Nature participants,2022-07-22,Crowd source measurements via Notes from Nature,
78052224,UCSB-IZC00042197,body size;intertegular distance;ITD,2.9,mm,UCSB-IZC00042197.jpg,Notes from Nature participants,2022-07-22,Crowd source measurements via Notes from Nature,
78052225,UCSB-IZC00042235,body size;intertegular distance;ITD,3.8,mm,UCSB-IZC00042235.jpg,Notes from Nature participants,2022-07-22,Crowd source measurements via Notes from Nature,
78052226,UCSB-IZC00042243,body size;intertegular distance;ITD,2.3,mm,UCSB-IZC00042243.jpg,Notes from Nature participants,2022-07-22,Crowd source measurements via Notes from Nature,
78052227,UCSB-IZC00042265,body size;intertegular distance;ITD,3.6,mm,UCSB-IZC00042265.jpg,Notes from Nature participants,2022-07-22,Crowd source measurements via Notes from Nature,
78052228,UCSB-IZC00042266,body size;intertegular distance;ITD,3,mm,UCSB-IZC00042266.jpg,Notes from Nature participants,2022-07-22,Crowd source measurements via Notes from Nature,
78052229,UCSB-IZC00042273,body size;intertegular distance;ITD,4.7,mm,UCSB-IZC00042273.jpg,Notes from Nature participants,2022-07-22,Crowd source measurements via Notes from Nature,
78052230,UCSB-IZC00042297,body size;intertegular distance;ITD,3.1,mm,UCSB-IZC00042297.jpg,Notes from Nature participants,2022-07-22,Crowd source measurements via Notes from Nature,
78052231,UCSB-IZC00042308,body size;intertegular distance;ITD,3.9,mm,UCSB-IZC00042308.jpg,Notes from Nature participants,2022-07-22,Crowd source measurements via Notes from Nature,
78052232,UCSB-IZC00042346,body size;intertegular distance;ITD,2.4,mm,UCSB-IZC00042346.jpg,Notes from Nature participants,2022-07-22,Crowd source measurements via Notes from Nature,
78052233,UCSB-IZC00042357,body size;intertegular distance;ITD,3.5,mm,UCSB-IZC00042357.jpg,Notes from Nature participants,2022-07-22,Crowd source measurements via Notes from Nature,
78052234,UCSB-IZC00042392,body size;intertegular distance;ITD,2.8,mm,UCSB-IZC00042392.jpg,Notes from Nature participants,2022-07-22,Crowd source measurements via Notes from Nature,
78052235,UCSB-IZC00042393,body size;intertegular distance;ITD,3.9,mm,UCSB-IZC00042393.jpg,Notes from Nature participants,2022-07-22,Crowd source measurements via Notes from Nature,
78052236,UCSB-IZC00042394,body size;intertegular distance;ITD,3.6,mm,UCSB-IZC00042394.jpg,Notes from Nature participants,2022-07-22,Crowd source measurements via Notes from Nature,
78052237,UCSB-IZC00042411,body size;intertegular distance;ITD,4,mm,UCSB-IZC00042411.jpg,Notes from Nature participants,2022-07-22,Crowd source measurements via Notes from Nature,
78052238,UCSB-IZC00042428,body size;intertegular distance;ITD,3.2,mm,UCSB-IZC00042428.jpg,Notes from Nature participants,2022-07-22,Crowd source measurements via Notes from Nature,
78052239,UCSB-IZC00042438,body size;intertegular distance;ITD,2.6,mm,UCSB-IZC00042438.jpg,Notes from Nature participants,2022-07-22,Crowd source measurements via Notes from Nature,
78052240,UCSB-IZC00042447,body size;intertegular distance;ITD,3.1,mm,UCSB-IZC00042447.jpg,Notes from Nature participants,2022-07-22,Crowd source measurements via Notes from Nature,
78052241,UCSB-IZC00042456,body size;intertegular distance;ITD,2.8,mm,UCSB-IZC00042456.jpg,Notes from Nature participants,2022-07-22,Crowd source measurements via Notes from Nature,
78052242,UCSB-IZC00042465,body size;intertegular distance;ITD,2.8,mm,UCSB-IZC00042465.jpg,Notes from Nature participants,2022-07-22,Crowd source measurements via Notes from Nature,
78052243,UCSB-IZC00042474,body size;intertegular distance;ITD,4.7,mm,UCSB-IZC00042474.jpg,Notes from Nature participants,2022-07-22,Crowd source measurements via Notes from Nature,
78052244,UCSB-IZC00042536,body size;intertegular distance;ITD,3,mm,UCSB-IZC00042536.jpg,Notes from Nature participants,2022-07-22,Crowd source measurements via Notes from Nature,
78052245,UCSB-IZC00042554,body size;intertegular distance;ITD,3.1,mm,UCSB-IZC00042554.jpg,Notes from Nature participants,2022-07-22,Crowd source measurements via Notes from Nature,
78052246,UCSB-IZC00042601,body size;intertegular distance;ITD,3.4,mm,UCSB-IZC00042601.jpg,Notes from Nature participants,2022-07-22,Crowd source measurements via Notes from Nature,
78052247,UCSB-IZC00042623,body size;intertegular distance;ITD,3.9,mm,UCSB-IZC00042623.jpg,Notes from Nature participants,2022-07-22,Crowd source measurements via Notes from Nature,
78052248,UCSB-IZC00042678,body size;intertegular distance;ITD,1.2,mm,UCSB-IZC00042678.jpg,Notes from Nature participants,2022-07-22,Crowd source measurements via Notes from Nature,
78052249,UCSB-IZC00042722,body size;intertegular distance;ITD,2.3,mm,UCSB-IZC00042722.jpg,Notes from Nature participants,2022-07-22,Crowd source measurements via Notes from Nature,
78052250,UCSB-IZC00042735,body size;intertegular distance;ITD,3.3,mm,UCSB-IZC00042735.jpg,Notes from Nature participants,2022-07-22,Crowd source measurements via Notes from Nature,
78052251,UCSB-IZC00042738,body size;intertegular distance;ITD,2.1,mm,UCSB-IZC00042738.jpg,Notes from Nature participants,2022-07-22,Crowd source measurements via Notes from Nature,
78052252,UCSB-IZC00042740,body size;intertegular distance;ITD,2.8,mm,UCSB-IZC00042740.jpg,Notes from Nature participants,2022-07-22,Crowd source measurements via Notes from Nature,
78052253,UCSB-IZC00042764,body size;intertegular distance;ITD,2.8,mm,UCSB-IZC00042764.jpg,Notes from Nature participants,2022-07-22,Crowd source measurements via Notes from Nature,
78052254,UCSB-IZC00042948,body size;intertegular distance;ITD,3.5,mm,UCSB-IZC00042948.jpg,Notes from Nature participants,2022-07-22,Crowd source measurements via Notes from Nature,
78052255,UCSB-IZC00042982,body size;intertegular distance;ITD,3.2,mm,UCSB-IZC00042982.jpg,Notes from Nature participants,2022-07-22,Crowd source measurements via Notes from Nature,
78052256,UCSB-IZC00042985,body size;intertegular distance;ITD,3,mm,UCSB-IZC00042985.jpg,Notes from Nature participants,2022-07-22,Crowd source measurements via Notes from Nature,
78052257,UCSB-IZC00043003,body size;intertegular distance;ITD,2.2,mm,UCSB-IZC00043003.jpg,Notes from Nature participants,2022-07-22,Crowd source measurements via Notes from Nature,
78052258,UCSB-IZC00043024,body size;intertegular distance;ITD,3.2,mm,UCSB-IZC00043024.jpg,Notes from Nature participants,2022-07-22,Crowd source measurements via Notes from Nature,
78052259,UCSB-IZC00043039,body size;intertegular distance;ITD,1.6,mm,UCSB-IZC00043039.jpg,Notes from Nature participants,2022-07-22,Crowd source measurements via Notes from Nature,
78052260,UCSB-IZC00043054,body size;intertegular distance;ITD,3.1,mm,UCSB-IZC00043054.jpg,Notes from Nature participants,2022-07-22,Crowd source measurements via Notes from Nature,
78052261,UCSB-IZC00043063,body size;intertegular distance;ITD,4,mm,UCSB-IZC00043063.jpg,Notes from Nature participants,2022-07-22,Crowd source measurements via Notes from Nature,
78052262,UCSB-IZC00043066,body size;intertegular distance;ITD,4.1,mm,UCSB-IZC00043066.jpg,Notes from Nature participants,2022-07-22,Crowd source measurements via Notes from Nature,
78052263,UCSB-IZC00043068,body size;intertegular distance;ITD,2.6,mm,UCSB-IZC00043068.jpg,Notes from Nature participants,2022-07-22,Crowd source measurements via Notes from Nature,
78052264,UCSB-IZC00043071,body size;intertegular distance;ITD,3.9,mm,UCSB-IZC00043071.jpg,Notes from Nature participants,2022-07-22,Crowd source measurements via Notes from Nature,
78052265,UCSB-IZC00043074,body size;intertegular distance;ITD,2.7,mm,UCSB-IZC00043074.jpg,Notes from Nature participants,2022-07-22,Crowd source measurements via Notes from Nature,
78052266,UCSB-IZC00043080,body size;intertegular distance;ITD,3.6,mm,UCSB-IZC00043080.jpg,Notes from Nature participants,2022-07-22,Crowd source measurements via Notes from Nature,
78052267,UCSB-IZC00043369,body size;intertegular distance;ITD,1.8,mm,UCSB-IZC00043369.jpg,Notes from Nature participants,2022-07-22,Crowd source measurements via Notes from Nature,
78052268,UCSB-IZC00043399,body size;intertegular distance;ITD,3.1,mm,UCSB-IZC00043399.jpg,Notes from Nature participants,2022-07-22,Crowd source measurements via Notes from Nature,
78052269,UCSB-IZC00043420,body size;intertegular distance;ITD,3.4,mm,UCSB-IZC00043420.jpg,Notes from Nature participants,2022-07-22,Crowd source measurements via Notes from Nature,
78052270,UCSB-IZC00043427,body size;intertegular distance;ITD,0.3,mm,UCSB-IZC00043427.jpg,Notes from Nature participants,2022-07-22,Crowd source measurements via Notes from Nature,
78052271,UCSB-IZC00043429,body size;intertegular distance;ITD,10.7,mm,UCSB-IZC00043429.jpg,Notes from Nature participants,2022-07-22,Crowd source measurements via Notes from Nature,
78052272,UCSB-IZC00043430,body size;intertegular distance;ITD,2,mm,UCSB-IZC00043430.jpg,Notes from Nature participants,2022-07-22,Crowd source measurements via Notes from Nature,
78052273,UCSB-IZC00043432,body size;intertegular distance;ITD,1.9,mm,UCSB-IZC00043432.jpg,Notes from Nature participants,2022-07-22,Crowd source measurements via Notes from Nature,
78052274,UCSB-IZC00043477,body size;intertegular distance;ITD,1.5,mm,UCSB-IZC00043477.jpg,Notes from Nature participants,2022-07-22,Crowd source measurements via Notes from Nature,
78052275,UCSB-IZC00043609,body size;intertegular distance;ITD,1,mm,UCSB-IZC00043609.jpg,Notes from Nature participants,2022-07-22,Crowd source measurements via Notes from Nature,
78052276,UCSB-IZC00043682,body size;intertegular distance;ITD,0.9,mm,UCSB-IZC00043682.jpg,Notes from Nature participants,2022-07-22,Crowd source measurements via Notes from Nature,
78052277,UCSB-IZC00043718,body size;intertegular distance;ITD,0.4,mm,UCSB-IZC00043718.jpg,Notes from Nature participants,2022-07-22,Crowd source measurements via Notes from Nature,
78052278,UCSB-IZC00043749,body size;intertegular distance;ITD,0.4,mm,UCSB-IZC00043749.jpg,Notes from Nature participants,2022-07-22,Crowd source measurements via Notes from Nature,
78052279,UCSB-IZC00043802,body size;intertegular distance;ITD,0.4,mm,UCSB-IZC00043802.jpg,Notes from Nature participants,2022-07-22,Crowd source measurements via Notes from Nature,
78052280,UCSB-IZC00043821,body size;intertegular distance;ITD,2.1,mm,UCSB-IZC00043821.jpg,Notes from Nature participants,2022-07-22,Crowd source measurements via Notes from Nature,
78052281,UCSB-IZC00043824,body size;intertegular distance;ITD,1.5,mm,UCSB-IZC00043824.jpg,Notes from Nature participants,2022-07-22,Crowd source measurements via Notes from Nature,
78052282,UCSB-IZC00043827,body size;intertegular distance;ITD,2.3,mm,UCSB-IZC00043827.jpg,Notes from Nature participants,2022-07-22,Crowd source measurements via Notes from Nature,
78052283,UCSB-IZC00043836,body size;intertegular distance;ITD,2,mm,UCSB-IZC00043836.jpg,Notes from Nature participants,2022-07-22,Crowd source measurements via Notes from Nature,
78052284,UCSB-IZC00043843,body size;intertegular distance;ITD,0.5,mm,UCSB-IZC00043843.jpg,Notes from Nature participants,2022-07-22,Crowd source measurements via Notes from Nature,
78052285,UCSB-IZC00043849,body size;intertegular distance;ITD,2.4,mm,UCSB-IZC00043849.jpg,Notes from Nature participants,2022-07-22,Crowd source measurements via Notes from Nature,
78052286,UCSB-IZC00044054,body size;intertegular distance;ITD,2,mm,UCSB-IZC00044054.jpg,Notes from Nature participants,2022-07-22,Crowd source measurements via Notes from Nature,
78052287,UCSB-IZC00044068,body size;intertegular distance;ITD,1.7,mm,UCSB-IZC00044068.jpg,Notes from Nature participants,2022-07-22,Crowd source measurements via Notes from Nature,
78052288,UCSB-IZC00044095,body size;intertegular distance;ITD,0.2,mm,UCSB-IZC00044095.jpg,Notes from Nature participants,2022-07-22,Crowd source measurements via Notes from Nature,
78052289,UCSB-IZC00044239,body size;intertegular distance;ITD,0.2,mm,UCSB-IZC00044239.jpg,Notes from Nature participants,2022-07-22,Crowd source measurements via Notes from Nature,
78052290,UCSB-IZC00044265,body size;intertegular distance;ITD,0.2,mm,UCSB-IZC00044265.jpg,Notes from Nature participants,2022-07-22,Crowd source measurements via Notes from Nature,
78052291,UCSB-IZC00044279,body size;intertegular distance;ITD,3.8,mm,UCSB-IZC00044279.jpg,Notes from Nature participants,2022-07-22,Crowd source measurements via Notes from Nature,
78052292,UCSB-IZC00044311,body size;intertegular distance;ITD,1.1,mm,UCSB-IZC00044311.jpg,Notes from Nature participants,2022-07-22,Crowd source measurements via Notes from Nature,
78052293,UCSB-IZC00044406,body size;intertegular distance;ITD,3.5,mm,UCSB-IZC00044406.jpg,Notes from Nature participants,2022-07-22,Crowd source measurements via Notes from Nature,
78052294,UCSB-IZC00044441,body size;intertegular distance;ITD,3.5,mm,UCSB-IZC00044441.jpg,Notes from Nature participants,2022-07-22,Crowd source measurements via Notes from Nature,
78052295,UCSB-IZC00044451,body size;intertegular distance;ITD,0.9,mm,UCSB-IZC00044451.jpg,Notes from Nature participants,2022-07-22,Crowd source measurements via Notes from Nature,
78052296,UCSB-IZC00044585,body size;intertegular distance;ITD,0.3,mm,UCSB-IZC00044585.jpg,Notes from Nature participants,2022-07-22,Crowd source measurements via Notes from Nature,
78052297,UCSB-IZC00044616,body size;intertegular distance;ITD,6,mm,UCSB-IZC00044616.jpg,Notes from Nature participants,2022-07-22,Crowd source measurements via Notes from Nature,
78052298,UCSB-IZC00046412,body size;intertegular distance;ITD,0.3,mm,UCSB-IZC00046412.jpg,Notes from Nature participants,2022-07-22,Crowd source measurements via Notes from Nature,
78052299,UCSB-IZC00046696,body size;intertegular distance;ITD,0.8,mm,UCSB-IZC00046696.jpg,Notes from Nature participants,2022-07-22,Crowd source measurements via Notes from Nature,
78052300,UCSB-IZC00046702,body size;intertegular distance;ITD,1.3,mm,UCSB-IZC00046702.jpg,Notes from Nature participants,2022-07-22,Crowd source measurements via Notes from Nature,
78052301,UCSB-IZC00046708,body size;intertegular distance;ITD,1.8,mm,UCSB-IZC00046708.jpg,Notes from Nature participants,2022-07-22,Crowd source measurements via Notes from Nature,
78052302,UCSB-IZC00046733,body size;intertegular distance;ITD,0.7,mm,UCSB-IZC00046733.jpg,Notes from Nature participants,2022-07-22,Crowd source measurements via Notes from Nature,
78052303,UCSB-IZC00046925,body size;intertegular distance;ITD,4.1,mm,UCSB-IZC00046925.jpg,Notes from Nature participants,2022-07-22,Crowd source measurements via Notes from Nature,
78052304,UCSB-IZC00046949,body size;intertegular distance;ITD,0.9,mm,UCSB-IZC00046949.jpg,Notes from Nature participants,2022-07-22,Crowd source measurements via Notes from Nature,
78052307,UCSB-IZC00047045,body size;intertegular distance;ITD,0.1,mm,UCSB-IZC00047045.jpg,Notes from Nature participants,2022-07-22,Crowd source measurements via Notes from Nature,